This is pdfTeX, Version 3.141592653-2.6-1.40.29 (TeX Live 2026/Arch Linux) (preloaded format=pdflatex 2026.5.28)  15 JUN 2026 17:19
entering extended mode
 restricted \write18 enabled.
 file:line:error style messages enabled.
 %&-line parsing enabled.
**/home/lluna/Documents/uni/Modeling-Erosion/report/TFM/Project.tex
(/home/lluna/Documents/uni/Modeling-Erosion/report/TFM/Project.tex
LaTeX2e <2025-11-01>
L3 programming layer <2026-01-19>
(/usr/share/texmf-dist/tex/latex/base/report.cls
Document Class: report 2025/01/22 v1.4n Standard LaTeX document class
(/usr/share/texmf-dist/tex/latex/base/size10.clo
File: size10.clo 2025/01/22 v1.4n Standard LaTeX file (size option)
)
\c@part=\count275
\c@chapter=\count276
\c@section=\count277
\c@subsection=\count278
\c@subsubsection=\count279
\c@paragraph=\count280
\c@subparagraph=\count281
\c@figure=\count282
\c@table=\count283
\abovecaptionskip=\skip49
\belowcaptionskip=\skip50
\bibindent=\dimen148
) (/usr/share/texmf-dist/tex/generic/babel/babel.sty
Package: babel 2026/02/14 v26.3 The multilingual framework for LuaLaTeX, pdfLaTeX and XeLaTeX
\babel@savecnt=\count284
LaTeX Encoding Info:    Redeclaring text command \ij (encoding OT1) on input line 2078.
LaTeX Encoding Info:    Redeclaring text command \IJ (encoding OT1) on input line 2080.
LaTeX Encoding Info:    Redeclaring text command \ij (encoding T1) on input line 2082.
LaTeX Encoding Info:    Redeclaring text command \IJ (encoding T1) on input line 2083.
LaTeX Encoding Info:    Ignoring declaration for text command \ij (encoding ?) on input line 2084.
LaTeX Encoding Info:    Ignoring declaration for text command \IJ (encoding ?) on input line 2086.
LaTeX Encoding Info:    Ignoring declaration for text command \SS (encoding ?) on input line 2111.
\U@D=\dimen149
\l@unhyphenated=\language3
 (/usr/share/texmf-dist/tex/generic/babel/txtbabel.def)
\bbl@readstream=\read2
\bbl@dirlevel=\count285
 (/usr/share/texmf-dist/tex/generic/babel/locale/en/babel-english.tex)
Package babel Info: Importing font and identification data for english
(babel)             from babel-en.ini. Reported on input line 4330.
 (/usr/share/texmf-dist/tex/generic/babel-english/english.ldf
Language: english 2017/06/06 v3.3r English support from the babel system
Package babel Info: Hyphen rules for 'british' set to \l@english
(babel)             (\language0). Reported on input line 82.
Package babel Info: Hyphen rules for 'UKenglish' set to \l@english
(babel)             (\language0). Reported on input line 83.
Package babel Info: Hyphen rules for 'canadian' set to \l@english
(babel)             (\language0). Reported on input line 102.
Package babel Info: Hyphen rules for 'australian' set to \l@english
(babel)             (\language0). Reported on input line 105.
Package babel Info: Hyphen rules for 'newzealand' set to \l@english
(babel)             (\language0). Reported on input line 108.
)) (/usr/share/texmf-dist/tex/latex/base/inputenc.sty
Package: inputenc 2024/02/08 v1.3d Input encoding file
\inpenc@prehook=\toks17
\inpenc@posthook=\toks18
 (/usr/share/texmf-dist/tex/latex/ucs/utf8x.def
File: utf8x.def 2023/11/09 UCS: Input encoding UTF-8


Package ucs Info: utf8x disabled, assuming standard utf8 processing
(ucs)             load ucs package to force utf8x processing.

(/usr/share/texmf-dist/tex/latex/base/utf8.def
File: utf8.def 2022/06/07 v1.3c UTF-8 support
Now handling font encoding OML ...
... no UTF-8 mapping file for font encoding OML
Now handling font encoding OMS ...
... processing UTF-8 mapping file for font encoding OMS
 (/usr/share/texmf-dist/tex/latex/base/omsenc.dfu
File: omsenc.dfu 2022/06/07 v1.3c UTF-8 support
   defining Unicode char U+00A7 (decimal 167)
   defining Unicode char U+00B6 (decimal 182)
   defining Unicode char U+00B7 (decimal 183)
   defining Unicode char U+2020 (decimal 8224)
   defining Unicode char U+2021 (decimal 8225)
   defining Unicode char U+2022 (decimal 8226)
)
Now handling font encoding OT1 ...
... processing UTF-8 mapping file for font encoding OT1
 (/usr/share/texmf-dist/tex/latex/base/ot1enc.dfu
File: ot1enc.dfu 2022/06/07 v1.3c UTF-8 support
   defining Unicode char U+00A0 (decimal 160)
   defining Unicode char U+00A1 (decimal 161)
   defining Unicode char U+00A3 (decimal 163)
   defining Unicode char U+00AD (decimal 173)
   defining Unicode char U+00B8 (decimal 184)
   defining Unicode char U+00BF (decimal 191)
   defining Unicode char U+00C5 (decimal 197)
   defining Unicode char U+00C6 (decimal 198)
   defining Unicode char U+00D8 (decimal 216)
   defining Unicode char U+00DF (decimal 223)
   defining Unicode char U+00E6 (decimal 230)
   defining Unicode char U+00EC (decimal 236)
   defining Unicode char U+00ED (decimal 237)
   defining Unicode char U+00EE (decimal 238)
   defining Unicode char U+00EF (decimal 239)
   defining Unicode char U+00F8 (decimal 248)
   defining Unicode char U+0131 (decimal 305)
   defining Unicode char U+0141 (decimal 321)
   defining Unicode char U+0142 (decimal 322)
   defining Unicode char U+0152 (decimal 338)
   defining Unicode char U+0153 (decimal 339)
   defining Unicode char U+0174 (decimal 372)
   defining Unicode char U+0175 (decimal 373)
   defining Unicode char U+0176 (decimal 374)
   defining Unicode char U+0177 (decimal 375)
   defining Unicode char U+0218 (decimal 536)
   defining Unicode char U+0219 (decimal 537)
   defining Unicode char U+021A (decimal 538)
   defining Unicode char U+021B (decimal 539)
   defining Unicode char U+0237 (decimal 567)
   defining Unicode char U+2013 (decimal 8211)
   defining Unicode char U+2014 (decimal 8212)
   defining Unicode char U+2018 (decimal 8216)
   defining Unicode char U+2019 (decimal 8217)
   defining Unicode char U+201C (decimal 8220)
   defining Unicode char U+201D (decimal 8221)
   defining Unicode char U+FB00 (decimal 64256)
   defining Unicode char U+FB01 (decimal 64257)
   defining Unicode char U+FB02 (decimal 64258)
   defining Unicode char U+FB03 (decimal 64259)
   defining Unicode char U+FB04 (decimal 64260)
   defining Unicode char U+FB05 (decimal 64261)
   defining Unicode char U+FB06 (decimal 64262)
)
Now handling font encoding T1 ...
... processing UTF-8 mapping file for font encoding T1
 (/usr/share/texmf-dist/tex/latex/base/t1enc.dfu
File: t1enc.dfu 2022/06/07 v1.3c UTF-8 support
   defining Unicode char U+00A0 (decimal 160)
   defining Unicode char U+00A1 (decimal 161)
   defining Unicode char U+00A3 (decimal 163)
   defining Unicode char U+00AB (decimal 171)
   defining Unicode char U+00AD (decimal 173)
   defining Unicode char U+00BB (decimal 187)
   defining Unicode char U+00BF (decimal 191)
   defining Unicode char U+00C0 (decimal 192)
   defining Unicode char U+00C1 (decimal 193)
   defining Unicode char U+00C2 (decimal 194)
   defining Unicode char U+00C3 (decimal 195)
   defining Unicode char U+00C4 (decimal 196)
   defining Unicode char U+00C5 (decimal 197)
   defining Unicode char U+00C6 (decimal 198)
   defining Unicode char U+00C7 (decimal 199)
   defining Unicode char U+00C8 (decimal 200)
   defining Unicode char U+00C9 (decimal 201)
   defining Unicode char U+00CA (decimal 202)
   defining Unicode char U+00CB (decimal 203)
   defining Unicode char U+00CC (decimal 204)
   defining Unicode char U+00CD (decimal 205)
   defining Unicode char U+00CE (decimal 206)
   defining Unicode char U+00CF (decimal 207)
   defining Unicode char U+00D0 (decimal 208)
   defining Unicode char U+00D1 (decimal 209)
   defining Unicode char U+00D2 (decimal 210)
   defining Unicode char U+00D3 (decimal 211)
   defining Unicode char U+00D4 (decimal 212)
   defining Unicode char U+00D5 (decimal 213)
   defining Unicode char U+00D6 (decimal 214)
   defining Unicode char U+00D8 (decimal 216)
   defining Unicode char U+00D9 (decimal 217)
   defining Unicode char U+00DA (decimal 218)
   defining Unicode char U+00DB (decimal 219)
   defining Unicode char U+00DC (decimal 220)
   defining Unicode char U+00DD (decimal 221)
   defining Unicode char U+00DE (decimal 222)
   defining Unicode char U+00DF (decimal 223)
   defining Unicode char U+00E0 (decimal 224)
   defining Unicode char U+00E1 (decimal 225)
   defining Unicode char U+00E2 (decimal 226)
   defining Unicode char U+00E3 (decimal 227)
   defining Unicode char U+00E4 (decimal 228)
   defining Unicode char U+00E5 (decimal 229)
   defining Unicode char U+00E6 (decimal 230)
   defining Unicode char U+00E7 (decimal 231)
   defining Unicode char U+00E8 (decimal 232)
   defining Unicode char U+00E9 (decimal 233)
   defining Unicode char U+00EA (decimal 234)
   defining Unicode char U+00EB (decimal 235)
   defining Unicode char U+00EC (decimal 236)
   defining Unicode char U+00ED (decimal 237)
   defining Unicode char U+00EE (decimal 238)
   defining Unicode char U+00EF (decimal 239)
   defining Unicode char U+00F0 (decimal 240)
   defining Unicode char U+00F1 (decimal 241)
   defining Unicode char U+00F2 (decimal 242)
   defining Unicode char U+00F3 (decimal 243)
   defining Unicode char U+00F4 (decimal 244)
   defining Unicode char U+00F5 (decimal 245)
   defining Unicode char U+00F6 (decimal 246)
   defining Unicode char U+00F8 (decimal 248)
   defining Unicode char U+00F9 (decimal 249)
   defining Unicode char U+00FA (decimal 250)
   defining Unicode char U+00FB (decimal 251)
   defining Unicode char U+00FC (decimal 252)
   defining Unicode char U+00FD (decimal 253)
   defining Unicode char U+00FE (decimal 254)
   defining Unicode char U+00FF (decimal 255)
   defining Unicode char U+0100 (decimal 256)
   defining Unicode char U+0101 (decimal 257)
   defining Unicode char U+0102 (decimal 258)
   defining Unicode char U+0103 (decimal 259)
   defining Unicode char U+0104 (decimal 260)
   defining Unicode char U+0105 (decimal 261)
   defining Unicode char U+0106 (decimal 262)
   defining Unicode char U+0107 (decimal 263)
   defining Unicode char U+0108 (decimal 264)
   defining Unicode char U+0109 (decimal 265)
   defining Unicode char U+010A (decimal 266)
   defining Unicode char U+010B (decimal 267)
   defining Unicode char U+010C (decimal 268)
   defining Unicode char U+010D (decimal 269)
   defining Unicode char U+010E (decimal 270)
   defining Unicode char U+010F (decimal 271)
   defining Unicode char U+0110 (decimal 272)
   defining Unicode char U+0111 (decimal 273)
   defining Unicode char U+0112 (decimal 274)
   defining Unicode char U+0113 (decimal 275)
   defining Unicode char U+0114 (decimal 276)
   defining Unicode char U+0115 (decimal 277)
   defining Unicode char U+0116 (decimal 278)
   defining Unicode char U+0117 (decimal 279)
   defining Unicode char U+0118 (decimal 280)
   defining Unicode char U+0119 (decimal 281)
   defining Unicode char U+011A (decimal 282)
   defining Unicode char U+011B (decimal 283)
   defining Unicode char U+011C (decimal 284)
   defining Unicode char U+011D (decimal 285)
   defining Unicode char U+011E (decimal 286)
   defining Unicode char U+011F (decimal 287)
   defining Unicode char U+0120 (decimal 288)
   defining Unicode char U+0121 (decimal 289)
   defining Unicode char U+0122 (decimal 290)
   defining Unicode char U+0123 (decimal 291)
   defining Unicode char U+0124 (decimal 292)
   defining Unicode char U+0125 (decimal 293)
   defining Unicode char U+0128 (decimal 296)
   defining Unicode char U+0129 (decimal 297)
   defining Unicode char U+012A (decimal 298)
   defining Unicode char U+012B (decimal 299)
   defining Unicode char U+012C (decimal 300)
   defining Unicode char U+012D (decimal 301)
   defining Unicode char U+012E (decimal 302)
   defining Unicode char U+012F (decimal 303)
   defining Unicode char U+0130 (decimal 304)
   defining Unicode char U+0131 (decimal 305)
   defining Unicode char U+0132 (decimal 306)
   defining Unicode char U+0133 (decimal 307)
   defining Unicode char U+0134 (decimal 308)
   defining Unicode char U+0135 (decimal 309)
   defining Unicode char U+0136 (decimal 310)
   defining Unicode char U+0137 (decimal 311)
   defining Unicode char U+0139 (decimal 313)
   defining Unicode char U+013A (decimal 314)
   defining Unicode char U+013B (decimal 315)
   defining Unicode char U+013C (decimal 316)
   defining Unicode char U+013D (decimal 317)
   defining Unicode char U+013E (decimal 318)
   defining Unicode char U+0141 (decimal 321)
   defining Unicode char U+0142 (decimal 322)
   defining Unicode char U+0143 (decimal 323)
   defining Unicode char U+0144 (decimal 324)
   defining Unicode char U+0145 (decimal 325)
   defining Unicode char U+0146 (decimal 326)
   defining Unicode char U+0147 (decimal 327)
   defining Unicode char U+0148 (decimal 328)
   defining Unicode char U+014A (decimal 330)
   defining Unicode char U+014B (decimal 331)
   defining Unicode char U+014C (decimal 332)
   defining Unicode char U+014D (decimal 333)
   defining Unicode char U+014E (decimal 334)
   defining Unicode char U+014F (decimal 335)
   defining Unicode char U+0150 (decimal 336)
   defining Unicode char U+0151 (decimal 337)
   defining Unicode char U+0152 (decimal 338)
   defining Unicode char U+0153 (decimal 339)
   defining Unicode char U+0154 (decimal 340)
   defining Unicode char U+0155 (decimal 341)
   defining Unicode char U+0156 (decimal 342)
   defining Unicode char U+0157 (decimal 343)
   defining Unicode char U+0158 (decimal 344)
   defining Unicode char U+0159 (decimal 345)
   defining Unicode char U+015A (decimal 346)
   defining Unicode char U+015B (decimal 347)
   defining Unicode char U+015C (decimal 348)
   defining Unicode char U+015D (decimal 349)
   defining Unicode char U+015E (decimal 350)
   defining Unicode char U+015F (decimal 351)
   defining Unicode char U+0160 (decimal 352)
   defining Unicode char U+0161 (decimal 353)
   defining Unicode char U+0162 (decimal 354)
   defining Unicode char U+0163 (decimal 355)
   defining Unicode char U+0164 (decimal 356)
   defining Unicode char U+0165 (decimal 357)
   defining Unicode char U+0168 (decimal 360)
   defining Unicode char U+0169 (decimal 361)
   defining Unicode char U+016A (decimal 362)
   defining Unicode char U+016B (decimal 363)
   defining Unicode char U+016C (decimal 364)
   defining Unicode char U+016D (decimal 365)
   defining Unicode char U+016E (decimal 366)
   defining Unicode char U+016F (decimal 367)
   defining Unicode char U+0170 (decimal 368)
   defining Unicode char U+0171 (decimal 369)
   defining Unicode char U+0172 (decimal 370)
   defining Unicode char U+0173 (decimal 371)
   defining Unicode char U+0174 (decimal 372)
   defining Unicode char U+0175 (decimal 373)
   defining Unicode char U+0176 (decimal 374)
   defining Unicode char U+0177 (decimal 375)
   defining Unicode char U+0178 (decimal 376)
   defining Unicode char U+0179 (decimal 377)
   defining Unicode char U+017A (decimal 378)
   defining Unicode char U+017B (decimal 379)
   defining Unicode char U+017C (decimal 380)
   defining Unicode char U+017D (decimal 381)
   defining Unicode char U+017E (decimal 382)
   defining Unicode char U+01C4 (decimal 452)
   defining Unicode char U+01C5 (decimal 453)
   defining Unicode char U+01C6 (decimal 454)
   defining Unicode char U+01C7 (decimal 455)
   defining Unicode char U+01C8 (decimal 456)
   defining Unicode char U+01C9 (decimal 457)
   defining Unicode char U+01CA (decimal 458)
   defining Unicode char U+01CB (decimal 459)
   defining Unicode char U+01CC (decimal 460)
   defining Unicode char U+01CD (decimal 461)
   defining Unicode char U+01CE (decimal 462)
   defining Unicode char U+01CF (decimal 463)
   defining Unicode char U+01D0 (decimal 464)
   defining Unicode char U+01D1 (decimal 465)
   defining Unicode char U+01D2 (decimal 466)
   defining Unicode char U+01D3 (decimal 467)
   defining Unicode char U+01D4 (decimal 468)
   defining Unicode char U+01E2 (decimal 482)
   defining Unicode char U+01E3 (decimal 483)
   defining Unicode char U+01E6 (decimal 486)
   defining Unicode char U+01E7 (decimal 487)
   defining Unicode char U+01E8 (decimal 488)
   defining Unicode char U+01E9 (decimal 489)
   defining Unicode char U+01EA (decimal 490)
   defining Unicode char U+01EB (decimal 491)
   defining Unicode char U+01F0 (decimal 496)
   defining Unicode char U+01F4 (decimal 500)
   defining Unicode char U+01F5 (decimal 501)
   defining Unicode char U+0218 (decimal 536)
   defining Unicode char U+0219 (decimal 537)
   defining Unicode char U+021A (decimal 538)
   defining Unicode char U+021B (decimal 539)
   defining Unicode char U+0232 (decimal 562)
   defining Unicode char U+0233 (decimal 563)
   defining Unicode char U+0237 (decimal 567)
   defining Unicode char U+02D9 (decimal 729)
   defining Unicode char U+02DB (decimal 731)
   defining Unicode char U+1E02 (decimal 7682)
   defining Unicode char U+1E03 (decimal 7683)
   defining Unicode char U+1E0D (decimal 7693)
   defining Unicode char U+1E1E (decimal 7710)
   defining Unicode char U+1E1F (decimal 7711)
   defining Unicode char U+1E25 (decimal 7717)
   defining Unicode char U+1E30 (decimal 7728)
   defining Unicode char U+1E31 (decimal 7729)
   defining Unicode char U+1E37 (decimal 7735)
   defining Unicode char U+1E8E (decimal 7822)
   defining Unicode char U+1E8F (decimal 7823)
   defining Unicode char U+1E43 (decimal 7747)
   defining Unicode char U+1E45 (decimal 7749)
   defining Unicode char U+1E47 (decimal 7751)
   defining Unicode char U+1E5B (decimal 7771)
   defining Unicode char U+1E63 (decimal 7779)
   defining Unicode char U+1E6D (decimal 7789)
   defining Unicode char U+1E90 (decimal 7824)
   defining Unicode char U+1E91 (decimal 7825)
   defining Unicode char U+1E9E (decimal 7838)
   defining Unicode char U+1EF2 (decimal 7922)
   defining Unicode char U+1EF3 (decimal 7923)
   defining Unicode char U+200C (decimal 8204)
   defining Unicode char U+2010 (decimal 8208)
   defining Unicode char U+2011 (decimal 8209)
   defining Unicode char U+2012 (decimal 8210)
   defining Unicode char U+2013 (decimal 8211)
   defining Unicode char U+2014 (decimal 8212)
   defining Unicode char U+2015 (decimal 8213)
   defining Unicode char U+2018 (decimal 8216)
   defining Unicode char U+2019 (decimal 8217)
   defining Unicode char U+201A (decimal 8218)
   defining Unicode char U+201C (decimal 8220)
   defining Unicode char U+201D (decimal 8221)
   defining Unicode char U+201E (decimal 8222)
   defining Unicode char U+2030 (decimal 8240)
   defining Unicode char U+2031 (decimal 8241)
   defining Unicode char U+2039 (decimal 8249)
   defining Unicode char U+203A (decimal 8250)
   defining Unicode char U+2423 (decimal 9251)
   defining Unicode char U+1E20 (decimal 7712)
   defining Unicode char U+1E21 (decimal 7713)
   defining Unicode char U+FB00 (decimal 64256)
   defining Unicode char U+FB01 (decimal 64257)
   defining Unicode char U+FB02 (decimal 64258)
   defining Unicode char U+FB03 (decimal 64259)
   defining Unicode char U+FB04 (decimal 64260)
   defining Unicode char U+FB05 (decimal 64261)
   defining Unicode char U+FB06 (decimal 64262)
)
Now handling font encoding TS1 ...
... processing UTF-8 mapping file for font encoding TS1
 (/usr/share/texmf-dist/tex/latex/base/ts1enc.dfu
File: ts1enc.dfu 2022/06/07 v1.3c UTF-8 support
   defining Unicode char U+00A2 (decimal 162)
   defining Unicode char U+00A3 (decimal 163)
   defining Unicode char U+00A4 (decimal 164)
   defining Unicode char U+00A5 (decimal 165)
   defining Unicode char U+00A6 (decimal 166)
   defining Unicode char U+00A7 (decimal 167)
   defining Unicode char U+00A8 (decimal 168)
   defining Unicode char U+00A9 (decimal 169)
   defining Unicode char U+00AA (decimal 170)
   defining Unicode char U+00AC (decimal 172)
   defining Unicode char U+00AE (decimal 174)
   defining Unicode char U+00AF (decimal 175)
   defining Unicode char U+00B0 (decimal 176)
   defining Unicode char U+00B1 (decimal 177)
   defining Unicode char U+00B2 (decimal 178)
   defining Unicode char U+00B3 (decimal 179)
   defining Unicode char U+00B4 (decimal 180)
   defining Unicode char U+00B5 (decimal 181)
   defining Unicode char U+00B6 (decimal 182)
   defining Unicode char U+00B7 (decimal 183)
   defining Unicode char U+00B9 (decimal 185)
   defining Unicode char U+00BA (decimal 186)
   defining Unicode char U+00BC (decimal 188)
   defining Unicode char U+00BD (decimal 189)
   defining Unicode char U+00BE (decimal 190)
   defining Unicode char U+00D7 (decimal 215)
   defining Unicode char U+00F7 (decimal 247)
   defining Unicode char U+0192 (decimal 402)
   defining Unicode char U+02C7 (decimal 711)
   defining Unicode char U+02D8 (decimal 728)
   defining Unicode char U+02DD (decimal 733)
   defining Unicode char U+0E3F (decimal 3647)
   defining Unicode char U+2016 (decimal 8214)
   defining Unicode char U+2020 (decimal 8224)
   defining Unicode char U+2021 (decimal 8225)
   defining Unicode char U+2022 (decimal 8226)
   defining Unicode char U+2030 (decimal 8240)
   defining Unicode char U+2031 (decimal 8241)
   defining Unicode char U+203B (decimal 8251)
   defining Unicode char U+203D (decimal 8253)
   defining Unicode char U+2044 (decimal 8260)
   defining Unicode char U+204E (decimal 8270)
   defining Unicode char U+2052 (decimal 8274)
   defining Unicode char U+20A1 (decimal 8353)
   defining Unicode char U+20A4 (decimal 8356)
   defining Unicode char U+20A6 (decimal 8358)
   defining Unicode char U+20A9 (decimal 8361)
   defining Unicode char U+20AB (decimal 8363)
   defining Unicode char U+20AC (decimal 8364)
   defining Unicode char U+20B1 (decimal 8369)
   defining Unicode char U+2103 (decimal 8451)
   defining Unicode char U+2116 (decimal 8470)
   defining Unicode char U+2117 (decimal 8471)
   defining Unicode char U+211E (decimal 8478)
   defining Unicode char U+2120 (decimal 8480)
   defining Unicode char U+2122 (decimal 8482)
   defining Unicode char U+2126 (decimal 8486)
   defining Unicode char U+2127 (decimal 8487)
   defining Unicode char U+212E (decimal 8494)
   defining Unicode char U+2190 (decimal 8592)
   defining Unicode char U+2191 (decimal 8593)
   defining Unicode char U+2192 (decimal 8594)
   defining Unicode char U+2193 (decimal 8595)
   defining Unicode char U+2329 (decimal 9001)
   defining Unicode char U+3008 (decimal 12296)
   defining Unicode char U+232A (decimal 9002)
   defining Unicode char U+3009 (decimal 12297)
   defining Unicode char U+2422 (decimal 9250)
   defining Unicode char U+25E6 (decimal 9702)
   defining Unicode char U+25EF (decimal 9711)
   defining Unicode char U+266A (decimal 9834)
   defining Unicode char U+27E8 (decimal 10216)
   defining Unicode char U+27E9 (decimal 10217)
   defining Unicode char U+FEFF (decimal 65279)
)
Now handling font encoding OMX ...
... no UTF-8 mapping file for font encoding OMX
Now handling font encoding U ...
... no UTF-8 mapping file for font encoding U
   defining Unicode char U+00A9 (decimal 169)
   defining Unicode char U+00AA (decimal 170)
   defining Unicode char U+00AE (decimal 174)
   defining Unicode char U+00BA (decimal 186)
   defining Unicode char U+02C6 (decimal 710)
   defining Unicode char U+02DC (decimal 732)
   defining Unicode char U+200C (decimal 8204)
   defining Unicode char U+2026 (decimal 8230)
   defining Unicode char U+2122 (decimal 8482)
   defining Unicode char U+2423 (decimal 9251)
   defining Unicode char U+FEFF (decimal 65279)
))) (/usr/share/texmf-dist/tex/latex/base/fontenc.sty
Package: fontenc 2025/07/18 v2.1d Standard LaTeX package
) (/usr/share/texmf-dist/tex/latex/listings/listings.sty (/usr/share/texmf-dist/tex/latex/graphics/keyval.sty
Package: keyval 2022/05/29 v1.15 key=value parser (DPC)
\KV@toks@=\toks19
)
\lst@mode=\count286
\lst@gtempboxa=\box53
\lst@token=\toks20
\lst@length=\count287
\lst@currlwidth=\dimen150
\lst@column=\count288
\lst@pos=\count289
\lst@lostspace=\dimen151
\lst@width=\dimen152
\lst@newlines=\count290
\lst@lineno=\count291
\lst@maxwidth=\dimen153
 (/usr/share/texmf-dist/tex/latex/listings/lstpatch.sty
File: lstpatch.sty 2025/11/14 1.11b (Carsten Heinz)
) (/usr/share/texmf-dist/tex/latex/listings/lstmisc.sty
File: lstmisc.sty 2025/11/14 1.11b (Carsten Heinz)
\c@lstnumber=\count292
\lst@skipnumbers=\count293
\lst@framebox=\box54
) (/usr/share/texmf-dist/tex/latex/listings/listings.cfg
File: listings.cfg 2025/11/14 1.11b listings configuration
))
Package: listings 2025/11/14 1.11b (Carsten Heinz)

==> First Aid for listings.sty no longer applied!
    Expected:
        2024/09/23 1.10c (Carsten Heinz)
    but found:
        2025/11/14 1.11b (Carsten Heinz)
    so I'm assuming it got fixed.
(/usr/share/texmf-dist/tex/latex/hyperref/hyperref.sty
Package: hyperref 2026-01-29 v7.01p Hypertext links for LaTeX
 (/usr/share/texmf-dist/tex/generic/iftex/iftex.sty
Package: iftex 2024/12/12 v1.0g TeX engine tests
) (/usr/share/texmf-dist/tex/latex/kvsetkeys/kvsetkeys.sty
Package: kvsetkeys 2022-10-05 v1.19 Key value parser (HO)
) (/usr/share/texmf-dist/tex/generic/kvdefinekeys/kvdefinekeys.sty
Package: kvdefinekeys 2019-12-19 v1.6 Define keys (HO)
) (/usr/share/texmf-dist/tex/generic/pdfescape/pdfescape.sty
Package: pdfescape 2019/12/09 v1.15 Implements pdfTeX's escape features (HO)
 (/usr/share/texmf-dist/tex/generic/ltxcmds/ltxcmds.sty
Package: ltxcmds 2023-12-04 v1.26 LaTeX kernel commands for general use (HO)
) (/usr/share/texmf-dist/tex/generic/pdftexcmds/pdftexcmds.sty
Package: pdftexcmds 2020-06-27 v0.33 Utility functions of pdfTeX for LuaTeX (HO)
 (/usr/share/texmf-dist/tex/generic/infwarerr/infwarerr.sty
Package: infwarerr 2019/12/03 v1.5 Providing info/warning/error messages (HO)
)
Package pdftexcmds Info: \pdf@primitive is available.
Package pdftexcmds Info: \pdf@ifprimitive is available.
Package pdftexcmds Info: \pdfdraftmode found.
)) (/usr/share/texmf-dist/tex/latex/hycolor/hycolor.sty
Package: hycolor 2020-01-27 v1.10 Color options for hyperref/bookmark (HO)
) (/usr/share/texmf-dist/tex/latex/hyperref/nameref.sty
Package: nameref 2026-01-29 v2.58 Cross-referencing by name of section
 (/usr/share/texmf-dist/tex/latex/refcount/refcount.sty
Package: refcount 2019/12/15 v3.6 Data extraction from label references (HO)
) (/usr/share/texmf-dist/tex/generic/gettitlestring/gettitlestring.sty
Package: gettitlestring 2019/12/15 v1.6 Cleanup title references (HO)
 (/usr/share/texmf-dist/tex/latex/kvoptions/kvoptions.sty
Package: kvoptions 2022-06-15 v3.15 Key value format for package options (HO)
))
\c@section@level=\count294
) (/usr/share/texmf-dist/tex/latex/etoolbox/etoolbox.sty
Package: etoolbox 2025/10/02 v2.5m e-TeX tools for LaTeX (JAW)
\etb@tempcnta=\count295
) (/usr/share/texmf-dist/tex/generic/stringenc/stringenc.sty
Package: stringenc 2019/11/29 v1.12 Convert strings between diff. encodings (HO)
)
\@linkdim=\dimen154
\Hy@linkcounter=\count296
\Hy@pagecounter=\count297
 (/usr/share/texmf-dist/tex/latex/hyperref/pd1enc.def
File: pd1enc.def 2026-01-29 v7.01p Hyperref: PDFDocEncoding definition (HO)
Now handling font encoding PD1 ...
... no UTF-8 mapping file for font encoding PD1
) (/usr/share/texmf-dist/tex/generic/intcalc/intcalc.sty
Package: intcalc 2019/12/15 v1.3 Expandable calculations with integers (HO)
)
\Hy@SavedSpaceFactor=\count298
 (/usr/share/texmf-dist/tex/latex/hyperref/puenc.def
File: puenc.def 2026-01-29 v7.01p Hyperref: PDF Unicode definition (HO)
Now handling font encoding PU ...
... no UTF-8 mapping file for font encoding PU
)
Package hyperref Info: Hyper figures OFF on input line 4201.
Package hyperref Info: Link nesting OFF on input line 4206.
Package hyperref Info: Hyper index ON on input line 4209.
Package hyperref Info: Plain pages OFF on input line 4216.
Package hyperref Info: Backreferencing OFF on input line 4221.
Package hyperref Info: Implicit mode ON; LaTeX internals redefined.
Package hyperref Info: Bookmarks ON on input line 4468.
\c@Hy@tempcnt=\count299
 (/usr/share/texmf-dist/tex/latex/url/url.sty
\Urlmuskip=\muskip17
Package: url 2013/09/16  ver 3.4  Verb mode for urls, etc.
)
LaTeX Info: Redefining \url on input line 4807.
\XeTeXLinkMargin=\dimen155
 (/usr/share/texmf-dist/tex/generic/bitset/bitset.sty
Package: bitset 2019/12/09 v1.3 Handle bit-vector datatype (HO)
 (/usr/share/texmf-dist/tex/generic/bigintcalc/bigintcalc.sty
Package: bigintcalc 2019/12/15 v1.5 Expandable calculations on big integers (HO)
))
\Fld@menulength=\count300
\Field@Width=\dimen156
\Fld@charsize=\dimen157
Package hyperref Info: Hyper figures OFF on input line 6084.
Package hyperref Info: Link nesting OFF on input line 6089.
Package hyperref Info: Hyper index ON on input line 6092.
Package hyperref Info: backreferencing OFF on input line 6099.
Package hyperref Info: Link coloring OFF on input line 6104.
Package hyperref Info: Link coloring with OCG OFF on input line 6109.
Package hyperref Info: PDF/A mode OFF on input line 6114.
\Hy@abspage=\count301
\c@Item=\count302
\c@Hfootnote=\count303
)
Package hyperref Info: Driver (autodetected): hpdftex.
 (/usr/share/texmf-dist/tex/latex/hyperref/hpdftex.def
File: hpdftex.def 2026-01-29 v7.01p Hyperref driver for pdfTeX
\Fld@listcount=\count304
\c@bookmark@seq@number=\count305
 (/usr/share/texmf-dist/tex/latex/rerunfilecheck/rerunfilecheck.sty
Package: rerunfilecheck 2025-06-21 v1.11 Rerun checks for auxiliary files (HO)
 (/usr/share/texmf-dist/tex/generic/uniquecounter/uniquecounter.sty
Package: uniquecounter 2019/12/15 v1.4 Provide unlimited unique counter (HO)
)
Package uniquecounter Info: New unique counter `rerunfilecheck' on input line 284.
)
\Hy@SectionHShift=\skip51
) (/usr/share/texmf-dist/tex/latex/csquotes/csquotes.sty
Package: csquotes 2024-04-04 v5.2o context-sensitive quotations (JAW)
\csq@reset=\count306
\csq@gtype=\count307
\csq@glevel=\count308
\csq@qlevel=\count309
\csq@maxlvl=\count310
\csq@tshold=\count311
\csq@ltx@everypar=\toks21
 (/usr/share/texmf-dist/tex/latex/csquotes/csquotes.def
File: csquotes.def 2024-04-04 v5.2o csquotes generic definitions (JAW)
)
Package csquotes Info: Trying to load configuration file 'csquotes.cfg'...
Package csquotes Info: ... configuration file loaded successfully.
 (/usr/share/texmf-dist/tex/latex/csquotes/csquotes.cfg
File: csquotes.cfg 
)) (/usr/share/texmf-dist/tex/latex/amsmath/amsmath.sty
Package: amsmath 2025/07/09 v2.17z AMS math features
\@mathmargin=\skip52

For additional information on amsmath, use the `?' option.
(/usr/share/texmf-dist/tex/latex/amsmath/amstext.sty
Package: amstext 2024/11/17 v2.01 AMS text
 (/usr/share/texmf-dist/tex/latex/amsmath/amsgen.sty
File: amsgen.sty 1999/11/30 v2.0 generic functions
\@emptytoks=\toks22
\ex@=\dimen158
)) (/usr/share/texmf-dist/tex/latex/amsmath/amsbsy.sty
Package: amsbsy 1999/11/29 v1.2d Bold Symbols
\pmbraise@=\dimen159
) (/usr/share/texmf-dist/tex/latex/amsmath/amsopn.sty
Package: amsopn 2022/04/08 v2.04 operator names
)
\inf@bad=\count312
LaTeX Info: Redefining \frac on input line 233.
\uproot@=\count313
\leftroot@=\count314
LaTeX Info: Redefining \overline on input line 398.
LaTeX Info: Redefining \colon on input line 409.
\classnum@=\count315
\DOTSCASE@=\count316
LaTeX Info: Redefining \ldots on input line 495.
LaTeX Info: Redefining \dots on input line 498.
LaTeX Info: Redefining \cdots on input line 619.
\Mathstrutbox@=\box55
\strutbox@=\box56
LaTeX Info: Redefining \big on input line 721.
LaTeX Info: Redefining \Big on input line 722.
LaTeX Info: Redefining \bigg on input line 723.
LaTeX Info: Redefining \Bigg on input line 724.
\big@size=\dimen160
LaTeX Font Info:    Redeclaring font encoding OML on input line 742.
LaTeX Font Info:    Redeclaring font encoding OMS on input line 743.
\macc@depth=\count317
LaTeX Info: Redefining \bmod on input line 904.
LaTeX Info: Redefining \pmod on input line 909.
LaTeX Info: Redefining \smash on input line 939.
LaTeX Info: Redefining \relbar on input line 969.
LaTeX Info: Redefining \Relbar on input line 970.
\c@MaxMatrixCols=\count318
\dotsspace@=\muskip18
\c@parentequation=\count319
\dspbrk@lvl=\count320
\tag@help=\toks23
\row@=\count321
\column@=\count322
\maxfields@=\count323
\andhelp@=\toks24
\eqnshift@=\dimen161
\alignsep@=\dimen162
\tagshift@=\dimen163
\tagwidth@=\dimen164
\totwidth@=\dimen165
\lineht@=\dimen166
\@envbody=\toks25
\multlinegap=\skip53
\multlinetaggap=\skip54
\mathdisplay@stack=\toks26
LaTeX Info: Redefining \[ on input line 2950.
LaTeX Info: Redefining \] on input line 2951.
)
Package hyperref Info: Option `colorlinks' set `false' on input line 10.
 (/usr/share/texmf-dist/tex/latex/amsfonts/amssymb.sty
Package: amssymb 2013/01/14 v3.01 AMS font symbols
 (/usr/share/texmf-dist/tex/latex/amsfonts/amsfonts.sty
Package: amsfonts 2013/01/14 v3.01 Basic AMSFonts support
\symAMSa=\mathgroup4
\symAMSb=\mathgroup5
LaTeX Font Info:    Redeclaring math symbol \hbar on input line 98.
LaTeX Font Info:    Overwriting math alphabet `\mathfrak' in version `bold'
(Font)                  U/euf/m/n --> U/euf/b/n on input line 106.
)) (/usr/share/texmf-dist/tex/latex/amscls/amsthm.sty
Package: amsthm 2020/05/29 v2.20.6
\thm@style=\toks27
\thm@bodyfont=\toks28
\thm@headfont=\toks29
\thm@notefont=\toks30
\thm@headpunct=\toks31
\thm@preskip=\skip55
\thm@postskip=\skip56
\thm@headsep=\skip57
\dth@everypar=\toks32
) (/usr/share/texmf-dist/tex/latex/graphics/graphicx.sty
Package: graphicx 2024/12/31 v1.2e Enhanced LaTeX Graphics (DPC,SPQR)
 (/usr/share/texmf-dist/tex/latex/graphics/graphics.sty
Package: graphics 2024/08/06 v1.4g Standard LaTeX Graphics (DPC,SPQR)
 (/usr/share/texmf-dist/tex/latex/graphics/trig.sty
Package: trig 2023/12/02 v1.11 sin cos tan (DPC)
) (/usr/share/texmf-dist/tex/latex/graphics-cfg/graphics.cfg
File: graphics.cfg 2016/06/04 v1.11 sample graphics configuration
)
Package graphics Info: Driver file: pdftex.def on input line 106.
 (/usr/share/texmf-dist/tex/latex/graphics-def/pdftex.def
File: pdftex.def 2025/09/29 v1.2d Graphics/color driver for pdftex
))
\Gin@req@height=\dimen167
\Gin@req@width=\dimen168
) (/usr/share/texmf-dist/tex/latex/subfigure/subfigure.sty
Package: subfigure 2002/03/15 v2.1.5 subfigure package
\subfigtopskip=\skip58
\subfigcapskip=\skip59
\subfigcaptopadj=\dimen169
\subfigbottomskip=\skip60
\subfigcapmargin=\dimen170
\subfiglabelskip=\skip61
\c@subfigure=\count324
\c@lofdepth=\count325
\c@subtable=\count326
\c@lotdepth=\count327

****************************************
* Local config file subfigure.cfg used *
****************************************
(/usr/share/texmf-dist/tex/latex/subfigure/subfigure.cfg)
\subfig@top=\skip62
\subfig@bottom=\skip63
) (/usr/share/texmf-dist/tex/latex/caption/subcaption.sty
Package: subcaption 2023/07/28 v1.6b Sub-captions (AR)
 (/usr/share/texmf-dist/tex/latex/caption/caption.sty
Package: caption 2023/08/05 v3.6o Customizing captions (AR)
 (/usr/share/texmf-dist/tex/latex/caption/caption3.sty
Package: caption3 2023/07/31 v2.4d caption3 kernel (AR)
\caption@tempdima=\dimen171
\captionmargin=\dimen172
\caption@leftmargin=\dimen173
\caption@rightmargin=\dimen174
\caption@width=\dimen175
\caption@indent=\dimen176
\caption@parindent=\dimen177
\caption@hangindent=\dimen178
Package caption Info: Standard document class detected.
)
\c@caption@flags=\count328
\c@continuedfloat=\count329
Package caption Info: hyperref package is loaded.
Package caption Info: listings package is loaded.
Package caption Info: subfigure package is loaded.
)
LaTeX Info: Redefining \subref on input line 189.
Package subcaption Info: The counter `subfigure' was already defined by
(subcaption)             an unknown document class or package on input line 238.
Package subcaption Info: The counter `subtable' was already defined by
(subcaption)             an unknown document class or package on input line 238.
) (/usr/share/texmf-dist/tex/latex/mathtools/mathtools.sty
Package: mathtools 2024/10/04 v1.31 mathematical typesetting tools
 (/usr/share/texmf-dist/tex/latex/tools/calc.sty
Package: calc 2025/03/01 v4.3b Infix arithmetic (KKT,FJ)
\calc@Acount=\count330
\calc@Bcount=\count331
\calc@Adimen=\dimen179
\calc@Bdimen=\dimen180
\calc@Askip=\skip64
\calc@Bskip=\skip65
LaTeX Info: Redefining \setlength on input line 86.
LaTeX Info: Redefining \addtolength on input line 87.
\calc@Ccount=\count332
\calc@Cskip=\skip66
) (/usr/share/texmf-dist/tex/latex/mathtools/mhsetup.sty
Package: mhsetup 2021/03/18 v1.4 programming setup (MH)
)
\g_MT_multlinerow_int=\count333
\l_MT_multwidth_dim=\dimen181
\origjot=\skip67
\l_MT_shortvdotswithinadjustabove_dim=\dimen182
\l_MT_shortvdotswithinadjustbelow_dim=\dimen183
\l_MT_above_intertext_sep=\dimen184
\l_MT_below_intertext_sep=\dimen185
\l_MT_above_shortintertext_sep=\dimen186
\l_MT_below_shortintertext_sep=\dimen187
\xmathstrut@box=\box57
\xmathstrut@dim=\dimen188
) (/usr/share/texmf-dist/tex/latex/biblatex/biblatex.sty
Package: biblatex 2025/07/10 v3.21 programmable bibliographies (PK/MW)
 (/usr/share/texmf-dist/tex/latex/logreq/logreq.sty
Package: logreq 2010/08/04 v1.0 xml request logger
\lrq@indent=\count334
 (/usr/share/texmf-dist/tex/latex/logreq/logreq.def
File: logreq.def 2010/08/04 v1.0 logreq spec v1.0
)) (/usr/share/texmf-dist/tex/latex/base/ifthen.sty
Package: ifthen 2024/03/16 v1.1e Standard LaTeX ifthen package (DPC)
)
\c@tabx@nest=\count335
\c@listtotal=\count336
\c@listcount=\count337
\c@liststart=\count338
\c@liststop=\count339
\c@citecount=\count340
\c@citetotal=\count341
\c@multicitecount=\count342
\c@multicitetotal=\count343
\c@instcount=\count344
\c@maxnames=\count345
\c@minnames=\count346
\c@maxitems=\count347
\c@minitems=\count348
\c@citecounter=\count349
\c@maxcitecounter=\count350
\c@savedcitecounter=\count351
\c@uniquelist=\count352
\c@uniquename=\count353
\c@refsection=\count354
\c@refsegment=\count355
\c@maxextratitle=\count356
\c@maxextratitleyear=\count357
\c@maxextraname=\count358
\c@maxextradate=\count359
\c@maxextraalpha=\count360
\c@abbrvpenalty=\count361
\c@highnamepenalty=\count362
\c@lownamepenalty=\count363
\c@maxparens=\count364
\c@parenlevel=\count365
\blx@tempcnta=\count366
\blx@tempcntb=\count367
\blx@tempcntc=\count368
\c@blx@maxsection=\count369
\blx@maxsegment@0=\count370
\blx@notetype=\count371
\blx@parenlevel@text=\count372
\blx@parenlevel@foot=\count373
\blx@sectionciteorder@0=\count374
\blx@sectionciteorderinternal@0=\count375
\blx@entrysetcounter=\count376
\blx@biblioinstance=\count377
\labelnumberwidth=\skip68
\labelalphawidth=\skip69
\biblabelsep=\skip70
\bibitemsep=\skip71
\bibnamesep=\skip72
\bibinitsep=\skip73
\bibparsep=\skip74
\bibhang=\skip75
\blx@bcfin=\read3
\blx@bcfout=\write3
\blx@langwohyphens=\language4
\c@mincomprange=\count378
\c@maxcomprange=\count379
\c@mincompwidth=\count380
Package biblatex Info: Trying to load biblatex default data model...
Package biblatex Info: ... file 'blx-dm.def' found.
 (/usr/share/texmf-dist/tex/latex/biblatex/blx-dm.def
File: blx-dm.def 2025/07/10 v3.21 biblatex datamodel (PK/MW)
)
Package biblatex Info: Trying to load biblatex style data model...
Package biblatex Info: ... file 'numeric-comp.dbx' not found.
Package biblatex Info: Trying to load biblatex custom data model...
Package biblatex Info: ... file 'biblatex-dm.cfg' not found.
\c@afterword=\count381
\c@savedafterword=\count382
\c@annotator=\count383
\c@savedannotator=\count384
\c@author=\count385
\c@savedauthor=\count386
\c@bookauthor=\count387
\c@savedbookauthor=\count388
\c@commentator=\count389
\c@savedcommentator=\count390
\c@editor=\count391
\c@savededitor=\count392
\c@editora=\count393
\c@savededitora=\count394
\c@editorb=\count395
\c@savededitorb=\count396
\c@editorc=\count397
\c@savededitorc=\count398
\c@foreword=\count399
\c@savedforeword=\count400
\c@holder=\count401
\c@savedholder=\count402
\c@introduction=\count403
\c@savedintroduction=\count404
\c@namea=\count405
\c@savednamea=\count406
\c@nameb=\count407
\c@savednameb=\count408
\c@namec=\count409
\c@savednamec=\count410
\c@translator=\count411
\c@savedtranslator=\count412
\c@shortauthor=\count413
\c@savedshortauthor=\count414
\c@shorteditor=\count415
\c@savedshorteditor=\count416
\c@labelname=\count417
\c@savedlabelname=\count418
\c@institution=\count419
\c@savedinstitution=\count420
\c@lista=\count421
\c@savedlista=\count422
\c@listb=\count423
\c@savedlistb=\count424
\c@listc=\count425
\c@savedlistc=\count426
\c@listd=\count427
\c@savedlistd=\count428
\c@liste=\count429
\c@savedliste=\count430
\c@listf=\count431
\c@savedlistf=\count432
\c@location=\count433
\c@savedlocation=\count434
\c@organization=\count435
\c@savedorganization=\count436
\c@origlocation=\count437
\c@savedoriglocation=\count438
\c@origpublisher=\count439
\c@savedorigpublisher=\count440
\c@publisher=\count441
\c@savedpublisher=\count442
\c@language=\count443
\c@savedlanguage=\count444
\c@origlanguage=\count445
\c@savedoriglanguage=\count446
\c@pageref=\count447
\c@savedpageref=\count448
\shorthandwidth=\skip76
\shortjournalwidth=\skip77
\shortserieswidth=\skip78
\shorttitlewidth=\skip79
\shortauthorwidth=\skip80
\shorteditorwidth=\skip81
\locallabelnumberwidth=\skip82
\locallabelalphawidth=\skip83
\localshorthandwidth=\skip84
\localshortjournalwidth=\skip85
\localshortserieswidth=\skip86
\localshorttitlewidth=\skip87
\localshortauthorwidth=\skip88
\localshorteditorwidth=\skip89
Package biblatex Info: Trying to load compatibility code...
Package biblatex Info: ... file 'blx-compat.def' found.
 (/usr/share/texmf-dist/tex/latex/biblatex/blx-compat.def
File: blx-compat.def 2025/07/10 v3.21 biblatex compatibility (PK/MW)
)
Package biblatex Info: Trying to load BibTeX backend compatibility...
Package biblatex Info: ... file 'blx-bibtex.def' found.
 (/usr/share/texmf-dist/tex/latex/biblatex/blx-bibtex.def
File: blx-bibtex.def 2025/07/10 v3.21 biblatex compatibility (PK/MW)


Package biblatex Warning: Using fall-back bibtex backend:
(biblatex)                functionality may be reduced/unavailable.

)
Package biblatex Info: Trying to load generic definitions...
Package biblatex Info: ... file 'biblatex.def' found.
 (/usr/share/texmf-dist/tex/latex/biblatex/biblatex.def
File: biblatex.def 2025/07/10 v3.21 biblatex compatibility (PK/MW)
\c@textcitecount=\count449
\c@textcitetotal=\count450
\c@textcitemaxnames=\count451
\c@biburlbigbreakpenalty=\count452
\c@biburlbreakpenalty=\count453
\c@biburlnumpenalty=\count454
\c@biburlucpenalty=\count455
\c@biburllcpenalty=\count456
\biburlbigskip=\muskip19
\biburlnumskip=\muskip20
\biburlucskip=\muskip21
\biburllcskip=\muskip22
\c@smartand=\count457
)
Package biblatex Info: Trying to load natbib compatibility...
Package biblatex Info: ... file 'blx-natbib.def' found.
 (/usr/share/texmf-dist/tex/latex/biblatex/blx-natbib.def
File: blx-natbib.def 2025/07/10 v3.21 biblatex compatibility (PK/MW)
Package biblatex Info: Delimiter 'nameyeardelim' in context '' already defined, overwriting.
)
Package biblatex Info: Trying to load bibliography style 'numeric-comp'...
Package biblatex Info: ... file 'numeric-comp.bbx' found.
 (/usr/share/texmf-dist/tex/latex/biblatex/bbx/numeric-comp.bbx
File: numeric-comp.bbx 2025/07/10 v3.21 biblatex bibliography style (PK/MW)
Package biblatex Info: Trying to load bibliography style 'numeric'...
Package biblatex Info: ... file 'numeric.bbx' found.
 (/usr/share/texmf-dist/tex/latex/biblatex/bbx/numeric.bbx
File: numeric.bbx 2025/07/10 v3.21 biblatex bibliography style (PK/MW)
Package biblatex Info: Trying to load bibliography style 'standard'...
Package biblatex Info: ... file 'standard.bbx' found.
 (/usr/share/texmf-dist/tex/latex/biblatex/bbx/standard.bbx
File: standard.bbx 2025/07/10 v3.21 biblatex bibliography style (PK/MW)
\c@bbx:relatedcount=\count458
\c@bbx:relatedtotal=\count459
)))
Package biblatex Info: Trying to load citation style 'numeric-comp'...
Package biblatex Info: ... file 'numeric-comp.cbx' found.
 (/usr/share/texmf-dist/tex/latex/biblatex/cbx/numeric-comp.cbx
File: numeric-comp.cbx 2025/07/10 v3.21 biblatex citation style (PK/MW)
\c@cbx@tempcnta=\count460
\c@cbx@tempcntb=\count461
\c@cbx@tempcntc=\count462
\c@cbx@tempcntd=\count463
Package biblatex Info: Redefining '\cite'.
Package biblatex Info: Redefining '\parencite'.
Package biblatex Info: Redefining '\footcite'.
Package biblatex Info: Redefining '\footcitetext'.
Package biblatex Info: Redefining '\smartcite'.
Package biblatex Info: Redefining '\supercite'.
Package biblatex Info: Redefining '\textcite'.
Package biblatex Info: Redefining '\textcites'.
Package biblatex Info: Redefining '\cites'.
Package biblatex Info: Redefining '\parencites'.
Package biblatex Info: Redefining '\smartcites'.
)
Package biblatex Info: Trying to load configuration file...
Package biblatex Info: ... file 'biblatex.cfg' found.
 (/usr/share/texmf-dist/tex/latex/biblatex/biblatex.cfg
File: biblatex.cfg 
)
Package biblatex Info: Input encoding 'utf8' detected.
Package biblatex Info: Document encoding is UTF8 ....
 (/usr/share/texmf-dist/tex/latex/l3kernel/expl3.sty
Package: expl3 2026-01-19 L3 programming layer (loader) 
 (/usr/share/texmf-dist/tex/latex/l3backend/l3backend-pdftex.def
File: l3backend-pdftex.def 2025-10-09 L3 backend support: PDF output (pdfTeX)
\l__color_backend_stack_int=\count464
))
Package biblatex Info: ... and expl3
(biblatex)             2026-01-19 L3 programming layer (loader) 
(biblatex)             is new enough (at least 2020/04/06),
(biblatex)             setting 'casechanger=expl3'.
 (/usr/share/texmf-dist/tex/latex/biblatex/blx-case-expl3.sty (/usr/share/texmf-dist/tex/latex/l3packages/xparse/xparse.sty
Package: xparse 2025-10-09 L3 Experimental document command parser
)
Package: blx-case-expl3 2025/07/10 v3.21 expl3 case changing code for biblatex
)) (/usr/share/texmf-dist/tex/latex/pgf/frontendlayer/tikz.sty (/usr/share/texmf-dist/tex/latex/pgf/basiclayer/pgf.sty (/usr/share/texmf-dist/tex/latex/pgf/utilities/pgfrcs.sty (/usr/share/texmf-dist/tex/generic/pgf/utilities/pgfutil-common.tex
\pgfutil@everybye=\toks33
\pgfutil@tempdima=\dimen189
\pgfutil@tempdimb=\dimen190
) (/usr/share/texmf-dist/tex/generic/pgf/utilities/pgfutil-latex.def
\pgfutil@abb=\box58
) (/usr/share/texmf-dist/tex/generic/pgf/utilities/pgfrcs.code.tex (/usr/share/texmf-dist/tex/generic/pgf/pgf.revision.tex)
Package: pgfrcs 2025-08-29 v3.1.11a (3.1.11a)
))
Package: pgf 2025-08-29 v3.1.11a (3.1.11a)
 (/usr/share/texmf-dist/tex/latex/pgf/basiclayer/pgfcore.sty (/usr/share/texmf-dist/tex/latex/pgf/systemlayer/pgfsys.sty (/usr/share/texmf-dist/tex/generic/pgf/systemlayer/pgfsys.code.tex
Package: pgfsys 2025-08-29 v3.1.11a (3.1.11a)
 (/usr/share/texmf-dist/tex/generic/pgf/utilities/pgfkeys.code.tex
\pgfkeys@pathtoks=\toks34
\pgfkeys@temptoks=\toks35
 (/usr/share/texmf-dist/tex/generic/pgf/utilities/pgfkeyslibraryfiltered.code.tex
\pgfkeys@tmptoks=\toks36
))
\pgf@x=\dimen191
\pgf@y=\dimen192
\pgf@xa=\dimen193
\pgf@ya=\dimen194
\pgf@xb=\dimen195
\pgf@yb=\dimen196
\pgf@xc=\dimen197
\pgf@yc=\dimen198
\pgf@xd=\dimen199
\pgf@yd=\dimen256
\w@pgf@writea=\write4
\r@pgf@reada=\read4
\c@pgf@counta=\count465
\c@pgf@countb=\count466
\c@pgf@countc=\count467
\c@pgf@countd=\count468
\t@pgf@toka=\toks37
\t@pgf@tokb=\toks38
\t@pgf@tokc=\toks39
\pgf@sys@id@count=\count469
 (/usr/share/texmf-dist/tex/generic/pgf/systemlayer/pgf.cfg
File: pgf.cfg 2025-08-29 v3.1.11a (3.1.11a)
)
Driver file for pgf: pgfsys-pdftex.def
 (/usr/share/texmf-dist/tex/generic/pgf/systemlayer/pgfsys-pdftex.def
File: pgfsys-pdftex.def 2025-08-29 v3.1.11a (3.1.11a)
 (/usr/share/texmf-dist/tex/generic/pgf/systemlayer/pgfsys-common-pdf.def
File: pgfsys-common-pdf.def 2025-08-29 v3.1.11a (3.1.11a)
))) (/usr/share/texmf-dist/tex/generic/pgf/systemlayer/pgfsyssoftpath.code.tex
File: pgfsyssoftpath.code.tex 2025-08-29 v3.1.11a (3.1.11a)
\pgfsyssoftpath@smallbuffer@items=\count470
\pgfsyssoftpath@bigbuffer@items=\count471
) (/usr/share/texmf-dist/tex/generic/pgf/systemlayer/pgfsysprotocol.code.tex
File: pgfsysprotocol.code.tex 2025-08-29 v3.1.11a (3.1.11a)
)) (/usr/share/texmf-dist/tex/latex/xcolor/xcolor.sty
Package: xcolor 2024/09/29 v3.02 LaTeX color extensions (UK)
 (/usr/share/texmf-dist/tex/latex/graphics-cfg/color.cfg
File: color.cfg 2016/01/02 v1.6 sample color configuration
)
Package xcolor Info: Driver file: pdftex.def on input line 274.
 (/usr/share/texmf-dist/tex/latex/graphics/mathcolor.ltx)
Package xcolor Info: Model `cmy' substituted by `cmy0' on input line 1349.
Package xcolor Info: Model `hsb' substituted by `rgb' on input line 1353.
Package xcolor Info: Model `RGB' extended on input line 1365.
Package xcolor Info: Model `HTML' substituted by `rgb' on input line 1367.
Package xcolor Info: Model `Hsb' substituted by `hsb' on input line 1368.
Package xcolor Info: Model `tHsb' substituted by `hsb' on input line 1369.
Package xcolor Info: Model `HSB' substituted by `hsb' on input line 1370.
Package xcolor Info: Model `Gray' substituted by `gray' on input line 1371.
Package xcolor Info: Model `wave' substituted by `hsb' on input line 1372.
) (/usr/share/texmf-dist/tex/generic/pgf/basiclayer/pgfcore.code.tex
Package: pgfcore 2025-08-29 v3.1.11a (3.1.11a)
 (/usr/share/texmf-dist/tex/generic/pgf/math/pgfmath.code.tex (/usr/share/texmf-dist/tex/generic/pgf/math/pgfmathutil.code.tex) (/usr/share/texmf-dist/tex/generic/pgf/math/pgfmathparser.code.tex
\pgfmath@dimen=\dimen257
\pgfmath@count=\count472
\pgfmath@box=\box59
\pgfmath@toks=\toks40
\pgfmath@stack@operand=\toks41
\pgfmath@stack@operation=\toks42
) (/usr/share/texmf-dist/tex/generic/pgf/math/pgfmathfunctions.code.tex) (/usr/share/texmf-dist/tex/generic/pgf/math/pgfmathfunctions.basic.code.tex) (/usr/share/texmf-dist/tex/generic/pgf/math/pgfmathfunctions.trigonometric.code.tex) (/usr/share/texmf-dist/tex/generic/pgf/math/pgfmathfunctions.random.code.tex) (/usr/share/texmf-dist/tex/generic/pgf/math/pgfmathfunctions.comparison.code.tex) (/usr/share/texmf-dist/tex/generic/pgf/math/pgfmathfunctions.base.code.tex) (/usr/share/texmf-dist/tex/generic/pgf/math/pgfmathfunctions.round.code.tex) (/usr/share/texmf-dist/tex/generic/pgf/math/pgfmathfunctions.misc.code.tex) (/usr/share/texmf-dist/tex/generic/pgf/math/pgfmathfunctions.integerarithmetics.code.tex) (/usr/share/texmf-dist/tex/generic/pgf/math/pgfmathcalc.code.tex) (/usr/share/texmf-dist/tex/generic/pgf/math/pgfmathfloat.code.tex
\c@pgfmathroundto@lastzeros=\count473
)) (/usr/share/texmf-dist/tex/generic/pgf/math/pgfint.code.tex) (/usr/share/texmf-dist/tex/generic/pgf/basiclayer/pgfcorepoints.code.tex
File: pgfcorepoints.code.tex 2025-08-29 v3.1.11a (3.1.11a)
\pgf@picminx=\dimen258
\pgf@picmaxx=\dimen259
\pgf@picminy=\dimen260
\pgf@picmaxy=\dimen261
\pgf@pathminx=\dimen262
\pgf@pathmaxx=\dimen263
\pgf@pathminy=\dimen264
\pgf@pathmaxy=\dimen265
\pgf@xx=\dimen266
\pgf@xy=\dimen267
\pgf@yx=\dimen268
\pgf@yy=\dimen269
\pgf@zx=\dimen270
\pgf@zy=\dimen271
) (/usr/share/texmf-dist/tex/generic/pgf/basiclayer/pgfcorepathconstruct.code.tex
File: pgfcorepathconstruct.code.tex 2025-08-29 v3.1.11a (3.1.11a)
\pgf@path@lastx=\dimen272
\pgf@path@lasty=\dimen273
) (/usr/share/texmf-dist/tex/generic/pgf/basiclayer/pgfcorepathusage.code.tex
File: pgfcorepathusage.code.tex 2025-08-29 v3.1.11a (3.1.11a)
\pgf@shorten@end@additional=\dimen274
\pgf@shorten@start@additional=\dimen275
) (/usr/share/texmf-dist/tex/generic/pgf/basiclayer/pgfcorescopes.code.tex
File: pgfcorescopes.code.tex 2025-08-29 v3.1.11a (3.1.11a)
\pgfpic=\box60
\pgf@hbox=\box61
\pgf@layerbox@main=\box62
\pgf@picture@serial@count=\count474
) (/usr/share/texmf-dist/tex/generic/pgf/basiclayer/pgfcoregraphicstate.code.tex
File: pgfcoregraphicstate.code.tex 2025-08-29 v3.1.11a (3.1.11a)
\pgflinewidth=\dimen276
) (/usr/share/texmf-dist/tex/generic/pgf/basiclayer/pgfcoretransformations.code.tex
File: pgfcoretransformations.code.tex 2025-08-29 v3.1.11a (3.1.11a)
\pgf@pt@x=\dimen277
\pgf@pt@y=\dimen278
\pgf@pt@temp=\dimen279
) (/usr/share/texmf-dist/tex/generic/pgf/basiclayer/pgfcorequick.code.tex
File: pgfcorequick.code.tex 2025-08-29 v3.1.11a (3.1.11a)
) (/usr/share/texmf-dist/tex/generic/pgf/basiclayer/pgfcoreobjects.code.tex
File: pgfcoreobjects.code.tex 2025-08-29 v3.1.11a (3.1.11a)
) (/usr/share/texmf-dist/tex/generic/pgf/basiclayer/pgfcorepathprocessing.code.tex
File: pgfcorepathprocessing.code.tex 2025-08-29 v3.1.11a (3.1.11a)
) (/usr/share/texmf-dist/tex/generic/pgf/basiclayer/pgfcorearrows.code.tex
File: pgfcorearrows.code.tex 2025-08-29 v3.1.11a (3.1.11a)
\pgfarrowsep=\dimen280
) (/usr/share/texmf-dist/tex/generic/pgf/basiclayer/pgfcoreshade.code.tex
File: pgfcoreshade.code.tex 2025-08-29 v3.1.11a (3.1.11a)
\pgf@max=\dimen281
\pgf@sys@shading@range@num=\count475
\pgf@shadingcount=\count476
) (/usr/share/texmf-dist/tex/generic/pgf/basiclayer/pgfcoreimage.code.tex
File: pgfcoreimage.code.tex 2025-08-29 v3.1.11a (3.1.11a)
) (/usr/share/texmf-dist/tex/generic/pgf/basiclayer/pgfcoreexternal.code.tex
File: pgfcoreexternal.code.tex 2025-08-29 v3.1.11a (3.1.11a)
\pgfexternal@startupbox=\box63
) (/usr/share/texmf-dist/tex/generic/pgf/basiclayer/pgfcorelayers.code.tex
File: pgfcorelayers.code.tex 2025-08-29 v3.1.11a (3.1.11a)
) (/usr/share/texmf-dist/tex/generic/pgf/basiclayer/pgfcoretransparency.code.tex
File: pgfcoretransparency.code.tex 2025-08-29 v3.1.11a (3.1.11a)
) (/usr/share/texmf-dist/tex/generic/pgf/basiclayer/pgfcorepatterns.code.tex
File: pgfcorepatterns.code.tex 2025-08-29 v3.1.11a (3.1.11a)
) (/usr/share/texmf-dist/tex/generic/pgf/basiclayer/pgfcorerdf.code.tex
File: pgfcorerdf.code.tex 2025-08-29 v3.1.11a (3.1.11a)
))) (/usr/share/texmf-dist/tex/generic/pgf/modules/pgfmoduleshapes.code.tex
File: pgfmoduleshapes.code.tex 2025-08-29 v3.1.11a (3.1.11a)
\pgfnodeparttextbox=\box64
) (/usr/share/texmf-dist/tex/generic/pgf/modules/pgfmoduleplot.code.tex
File: pgfmoduleplot.code.tex 2025-08-29 v3.1.11a (3.1.11a)
) (/usr/share/texmf-dist/tex/latex/pgf/compatibility/pgfcomp-version-0-65.sty
Package: pgfcomp-version-0-65 2025-08-29 v3.1.11a (3.1.11a)
\pgf@nodesepstart=\dimen282
\pgf@nodesepend=\dimen283
) (/usr/share/texmf-dist/tex/latex/pgf/compatibility/pgfcomp-version-1-18.sty
Package: pgfcomp-version-1-18 2025-08-29 v3.1.11a (3.1.11a)
)) (/usr/share/texmf-dist/tex/latex/pgf/utilities/pgffor.sty (/usr/share/texmf-dist/tex/latex/pgf/utilities/pgfkeys.sty (/usr/share/texmf-dist/tex/generic/pgf/utilities/pgfkeys.code.tex)) (/usr/share/texmf-dist/tex/latex/pgf/math/pgfmath.sty (/usr/share/texmf-dist/tex/generic/pgf/math/pgfmath.code.tex)) (/usr/share/texmf-dist/tex/generic/pgf/utilities/pgffor.code.tex
Package: pgffor 2025-08-29 v3.1.11a (3.1.11a)
\pgffor@iter=\dimen284
\pgffor@skip=\dimen285
\pgffor@stack=\toks43
\pgffor@toks=\toks44
)) (/usr/share/texmf-dist/tex/generic/pgf/frontendlayer/tikz/tikz.code.tex
Package: tikz 2025-08-29 v3.1.11a (3.1.11a)
 (/usr/share/texmf-dist/tex/generic/pgf/libraries/pgflibraryplothandlers.code.tex
File: pgflibraryplothandlers.code.tex 2025-08-29 v3.1.11a (3.1.11a)
\pgf@plot@mark@count=\count477
\pgfplotmarksize=\dimen286
)
\tikz@lastx=\dimen287
\tikz@lasty=\dimen288
\tikz@lastxsaved=\dimen289
\tikz@lastysaved=\dimen290
\tikz@lastmovetox=\dimen291
\tikz@lastmovetoy=\dimen292
\tikzleveldistance=\dimen293
\tikzsiblingdistance=\dimen294
\tikz@figbox=\box65
\tikz@figbox@bg=\box66
\tikz@tempbox=\box67
\tikz@tempbox@bg=\box68
\tikztreelevel=\count478
\tikznumberofchildren=\count479
\tikznumberofcurrentchild=\count480
\tikz@fig@count=\count481
 (/usr/share/texmf-dist/tex/generic/pgf/modules/pgfmodulematrix.code.tex
File: pgfmodulematrix.code.tex 2025-08-29 v3.1.11a (3.1.11a)
\pgfmatrixcurrentrow=\count482
\pgfmatrixcurrentcolumn=\count483
\pgf@matrix@numberofcolumns=\count484
)
\tikz@expandcount=\count485
 (/usr/share/texmf-dist/tex/generic/pgf/frontendlayer/tikz/libraries/tikzlibrarytopaths.code.tex
File: tikzlibrarytopaths.code.tex 2025-08-29 v3.1.11a (3.1.11a)
))) (/usr/share/texmf-dist/tex/latex/float/float.sty
Package: float 2001/11/08 v1.3d Float enhancements (AL)
\c@float@type=\count486
\float@exts=\toks45
\float@box=\box69
\@float@everytoks=\toks46
\@floatcapt=\box70
) (/usr/share/texmf-dist/tex/latex/multirow/multirow.sty
Package: multirow 2024/11/12 v2.9 Span multiple rows of a table
\multirow@colwidth=\skip90
\multirow@cntb=\count487
\multirow@dima=\skip91
\bigstrutjot=\dimen295
) (/usr/share/texmf-dist/tex/latex/pgfgantt/pgfgantt.sty
Package: pgfgantt 2024/06/19 v5.0a Draw Gantt diagrams with TikZ
 (/usr/share/texmf-dist/tex/generic/pgf/frontendlayer/tikz/libraries/tikzlibraryarrows.code.tex
File: tikzlibraryarrows.code.tex 2025-08-29 v3.1.11a (3.1.11a)
 (/usr/share/texmf-dist/tex/generic/pgf/libraries/pgflibraryarrows.code.tex
File: pgflibraryarrows.code.tex 2025-08-29 v3.1.11a (3.1.11a)
\arrowsize=\dimen296
)) (/usr/share/texmf-dist/tex/generic/pgf/frontendlayer/tikz/libraries/tikzlibrarybackgrounds.code.tex
File: tikzlibrarybackgrounds.code.tex 2025-08-29 v3.1.11a (3.1.11a)
\pgf@layerbox@background=\box71
\pgf@layerboxsaved@background=\box72
) (/usr/share/texmf-dist/tex/generic/pgf/frontendlayer/tikz/libraries/tikzlibrarycalc.code.tex
File: tikzlibrarycalc.code.tex 2025-08-29 v3.1.11a (3.1.11a)
) (/usr/share/texmf-dist/tex/generic/pgf/frontendlayer/tikz/libraries/tikzlibrarypatterns.code.tex
File: tikzlibrarypatterns.code.tex 2025-08-29 v3.1.11a (3.1.11a)
 (/usr/share/texmf-dist/tex/generic/pgf/libraries/pgflibrarypatterns.code.tex
File: pgflibrarypatterns.code.tex 2025-08-29 v3.1.11a (3.1.11a)
)) (/usr/share/texmf-dist/tex/generic/pgf/frontendlayer/tikz/libraries/tikzlibrarypositioning.code.tex
File: tikzlibrarypositioning.code.tex 2025-08-29 v3.1.11a (3.1.11a)
) (/usr/share/texmf-dist/tex/generic/pgf/frontendlayer/tikz/libraries/tikzlibraryshapes.geometric.code.tex
File: tikzlibraryshapes.geometric.code.tex 2025-08-29 v3.1.11a (3.1.11a)
 (/usr/share/texmf-dist/tex/generic/pgf/libraries/shapes/pgflibraryshapes.geometric.code.tex
File: pgflibraryshapes.geometric.code.tex 2025-08-29 v3.1.11a (3.1.11a)
)) (/usr/share/texmf-dist/tex/latex/pgf/utilities/pgfcalendar.sty (/usr/share/texmf-dist/tex/generic/pgf/utilities/pgfcalendar.code.tex
File: pgfcalendar.code.tex 2025-08-29 v3.1.11a (3.1.11a)
\pgfcalendarcurrentjulian=\count488
\pgf@cal@easter@Y=\count489
\pgf@cal@easter@G=\count490
\pgf@cal@easter@C=\count491
\pgf@cal@easter@X=\count492
\pgf@cal@easter@Z=\count493
\pgf@cal@easter@D=\count494
\pgf@cal@easter@E=\count495
\pgf@cal@easter@N=\count496
\pgf@cal@easter@M=\count497
\pgf@cal@easter@julianday=\count498
))
\gtt@currentline=\count499
\gtt@lasttitleline=\count500
\gtt@currgrid=\count501
\gtt@chartwidth=\count502
\gtt@lasttitleslot=\count503
\gtt@elementid=\count504
\gtt@today@slot=\count505
\gtt@startjulian=\count506
\gtt@endjulian=\count507
\gtt@chartid=\count508
\gtt@vrule@slot=\count509
\gtt@calendar@slots=\count510
\gtt@calendar@weeknumber=\count511
\gtt@calendar@startofweek=\count512
\gtt@left@slot=\count513
\gtt@right@slot=\count514
) (/usr/share/texmf-dist/tex/latex/epigraph/epigraph.sty
Package: epigraph 2020/01/02 v1.5e typesetting epigraphs
 (/usr/share/texmf-dist/tex/latex/nextpage/nextpage.sty
Package: nextpage 2009/09/03 v1.1a additional page commands
)
\beforeepigraphskip=\skip92
\afterepigraphskip=\skip93
\epigraphwidth=\skip94
\epigraphrule=\skip95
) (/usr/share/texmf-dist/tex/latex/comment/comment.sty
\CommentStream=\write5
 Excluding comment 'comment') (/usr/share/texmf-dist/tex/latex/minted/minted.sty
Package: minted 2026/03/03 v3.8.0 Yet another Pygments shim for LaTeX
 (/usr/share/texmf-dist/tex/generic/catchfile/catchfile.sty
Package: catchfile 2019/12/09 v1.8 Catch the contents of a file (HO)
 (/usr/share/texmf-dist/tex/generic/etexcmds/etexcmds.sty
Package: etexcmds 2019/12/15 v1.7 Avoid name clashes with e-TeX commands (HO)
)) (/usr/share/texmf-dist/tex/latex/fvextra/fvextra.sty
Package: fvextra 2026/02/25 v1.14.0 fvextra - extensions and patches for fancyvrb
 (/usr/share/texmf-dist/tex/latex/fancyvrb/fancyvrb.sty
Package: fancyvrb 2025/07/28 4.6 verbatim text (tvz,hv)
\FV@CodeLineNo=\count515
\FV@InFile=\read5
\FV@TabBox=\box73
\c@FancyVerbLine=\count516
\FV@StepNumber=\count517
\FV@OutFile=\write6
) (/usr/share/texmf-dist/tex/latex/upquote/upquote.sty
Package: upquote 2012/04/19 v1.3 upright-quote and grave-accent glyphs in verbatim
 (/usr/share/texmf-dist/tex/latex/base/textcomp.sty
Package: textcomp 2024/04/24 v2.1b Standard LaTeX package
)) (/usr/share/texmf-dist/tex/latex/lineno/lineno.sty
Package: lineno 2026/02/16 line numbers on paragraphs v5.7
\linenopenalty=\count518
\output=\toks47
\linenoprevgraf=\count519
\linenumbersep=\dimen297
\linenumberwidth=\dimen298
\c@linenumber=\count520
\c@pagewiselinenumber=\count521
\c@LN@truepage=\count522
\c@internallinenumber=\count523
\c@internallinenumbers=\count524
\quotelinenumbersep=\dimen299
\bframerule=\dimen300
\bframesep=\dimen301
\bframebox=\box74
\@LN@amsmath@ams@eqpen=\count525


LaTeX Warning: Command \@parboxrestore  has changed.
               Check if current package is valid.

)

Package fvextra Warning: csquotes should be loaded after fvextra, to avoid a warning from the lineno package on input line 36.

\c@FancyVerbWriteLine=\count526
\c@FancyVerbBufferLine=\count527
\c@FV@TrueTabGroupLevel=\count528
\c@FV@TrueTabCounter=\count529
\FV@TabBox@Group=\box75
\FV@bgcolorstructbox=\box76
\FV@TmpLength=\skip96
\c@FV@HighlightLinesStart=\count530
\c@FV@HighlightLinesStop=\count531
\FV@LoopCount=\count532
\FV@NCharsBox=\box77
\FV@BreakIndent=\dimen302
\FV@BreakIndentNChars=\count533
\FV@BreakSymbolSepLeft=\dimen303
\FV@BreakSymbolSepLeftNChars=\count534
\FV@BreakSymbolSepRight=\dimen304
\FV@BreakSymbolSepRightNChars=\count535
\FV@BreakSymbolIndentLeft=\dimen305
\FV@BreakSymbolIndentLeftNChars=\count536
\FV@BreakSymbolIndentRight=\dimen306
\FV@BreakSymbolIndentRightNChars=\count537
\c@FancyVerbLineBreakLast=\count538
\FV@LineBox=\box78
\FV@LineIndentBox=\box79
\c@FV@BreakBufferDepth=\count539
\FV@LineWidth=\dimen307
) (/usr/share/texmf-dist/tex/latex/latex2pydata/latex2pydata.sty
Package: latex2pydata 2026/02/25 v0.7.0 latex2pydata - write data to file in Python literal format
) (/usr/share/texmf-dist/tex/latex/pgfopts/pgfopts.sty
Package: pgfopts 2014/07/10 v2.1a LaTeX package options with pgfkeys
\pgfopts@list@add@a@toks=\toks48
\pgfopts@list@add@b@toks=\toks49
) (/usr/share/texmf-dist/tex/latex/tools/shellesc.sty
Package: shellesc 2023/07/08 v1.0d unified shell escape interface for LaTeX
Package shellesc Info: Restricted shell escape enabled on input line 77.
)
\c@minted@FancyVerbLineTemp=\count540
\@float@every@listing=\toks50
\c@listing=\count541
) (/usr/share/texmf-dist/tex/latex/fancyhdr/fancyhdr.sty
Package: fancyhdr 2025/02/07 v5.2 Extensive control of page headers and footers
\f@nch@headwidth=\skip97
\f@nch@offset@elh=\skip98
\f@nch@offset@erh=\skip99
\f@nch@offset@olh=\skip100
\f@nch@offset@orh=\skip101
\f@nch@offset@elf=\skip102
\f@nch@offset@erf=\skip103
\f@nch@offset@olf=\skip104
\f@nch@offset@orf=\skip105
\f@nch@height=\skip106
\f@nch@footalignment=\skip107
\f@nch@widthL=\skip108
\f@nch@widthC=\skip109
\f@nch@widthR=\skip110
\@temptokenb=\toks51
) (/usr/share/texmf-dist/tex/latex/setspace/setspace.sty
Package: setspace 2022/12/04 v6.7b set line spacing
) (/usr/share/texmf-dist/tex/latex/adjustbox/adjustbox.sty
Package: adjustbox 2025/02/26 v1.3c Adjusting TeX boxes (trim, clip, ...)
 (/usr/share/texmf-dist/tex/latex/xkeyval/xkeyval.sty
Package: xkeyval 2025/11/04 v2.10 package option processing (HA)
 (/usr/share/texmf-dist/tex/generic/xkeyval/xkeyval.tex (/usr/share/texmf-dist/tex/generic/xkeyval/xkvutils.tex
\XKV@toks=\toks52
\XKV@tempa@toks=\toks53
\XKV@tempb@toks=\toks54
)
\XKV@depth=\count542
File: xkeyval.tex 2014/12/03 v2.7a key=value parser (HA)
)) (/usr/share/texmf-dist/tex/latex/adjustbox/adjcalc.sty
Package: adjcalc 2012/05/16 v1.1 Provides advanced setlength with multiple back-ends (calc, etex, pgfmath)
) (/usr/share/texmf-dist/tex/latex/adjustbox/trimclip.sty
Package: trimclip 2025/02/21 v1.2a Trim and clip general TeX material
 (/usr/share/texmf-dist/tex/latex/collectbox/collectbox.sty
Package: collectbox 2022/10/17 v0.4c Collect macro arguments as boxes
\collectedbox=\box80
)
\tc@llx=\dimen308
\tc@lly=\dimen309
\tc@urx=\dimen310
\tc@ury=\dimen311
Package trimclip Info: Using driver 'tc-pdftex.def'.
 (/usr/share/texmf-dist/tex/latex/adjustbox/tc-pdftex.def
File: tc-pdftex.def 2025/02/26 v2.3 Clipping driver for pdftex
))
\adjbox@Width=\dimen312
\adjbox@Height=\dimen313
\adjbox@Depth=\dimen314
\adjbox@Totalheight=\dimen315
\adjbox@pwidth=\dimen316
\adjbox@pheight=\dimen317
\adjbox@pdepth=\dimen318
\adjbox@ptotalheight=\dimen319
 (/usr/share/texmf-dist/tex/latex/ifoddpage/ifoddpage.sty
Package: ifoddpage 2022/10/18 v1.2 Conditionals for odd/even page detection
\c@checkoddpage=\count543
) (/usr/share/texmf-dist/tex/latex/varwidth/varwidth.sty
Package: varwidth 2009/03/30 ver 0.92;  Variable-width minipages
\@vwid@box=\box81
\sift@deathcycles=\count544
\@vwid@loff=\dimen320
\@vwid@roff=\dimen321
)
==> First Aid for varwidth.sty applied!
) (/usr/share/texmf-dist/tex/latex/pgfplots/pgfplots.sty (/usr/share/texmf-dist/tex/generic/pgfplots/pgfplots.revision.tex)
Package: pgfplots 2025/08/14 v1.18.2 Data Visualization (1.18.2)
 (/usr/share/texmf-dist/tex/generic/pgfplots/pgfplots.code.tex (/usr/share/texmf-dist/tex/generic/pgfplots/pgfplotscore.code.tex
\t@pgfplots@toka=\toks55
\t@pgfplots@tokb=\toks56
\t@pgfplots@tokc=\toks57
\pgfplots@tmpa=\dimen322
\c@pgfplots@coordindex=\count545
\c@pgfplots@scanlineindex=\count546
 (/usr/share/texmf-dist/tex/generic/pgfplots/sys/pgfplotssysgeneric.code.tex)) (/usr/share/texmf-dist/tex/generic/pgfplots/libs/pgfplotslibrary.code.tex) (/usr/share/texmf-dist/tex/generic/pgfplots/oldpgfcompatib/pgfplotsoldpgfsupp_loader.code.tex (/usr/share/texmf-dist/tex/generic/pgf/libraries/pgflibraryfpu.code.tex) (/usr/share/texmf-dist/tex/generic/pgfplots/oldpgfcompatib/pgfplotsoldpgfsupp_pgfutil-common-lists.tex)) (/usr/share/texmf-dist/tex/generic/pgfplots/util/pgfplotsutil.code.tex (/usr/share/texmf-dist/tex/generic/pgfplots/liststructure/pgfplotsliststructure.code.tex) (/usr/share/texmf-dist/tex/generic/pgfplots/liststructure/pgfplotsliststructureext.code.tex) (/usr/share/texmf-dist/tex/generic/pgfplots/liststructure/pgfplotsarray.code.tex
\c@pgfplotsarray@tmp=\count547
) (/usr/share/texmf-dist/tex/generic/pgfplots/liststructure/pgfplotsmatrix.code.tex) (/usr/share/texmf-dist/tex/generic/pgfplots/numtable/pgfplotstableshared.code.tex
\c@pgfplotstable@counta=\count548
\t@pgfplotstable@a=\toks58
) (/usr/share/texmf-dist/tex/generic/pgfplots/liststructure/pgfplotsdeque.code.tex) (/usr/share/texmf-dist/tex/generic/pgfplots/util/pgfplotsbinary.code.tex (/usr/share/texmf-dist/tex/generic/pgfplots/util/pgfplotsbinary.data.code.tex)) (/usr/share/texmf-dist/tex/generic/pgfplots/util/pgfplotsutil.verb.code.tex) (/usr/share/texmf-dist/tex/generic/pgfplots/libs/pgflibrarypgfplots.surfshading.code.tex
\c@pgfplotslibrarysurf@no=\count549
 (/usr/share/texmf-dist/tex/generic/pgfplots/sys/pgflibrarypgfplots.surfshading.pgfsys-pdftex.def))) (/usr/share/texmf-dist/tex/generic/pgfplots/util/pgfplotscolormap.code.tex (/usr/share/texmf-dist/tex/generic/pgfplots/util/pgfplotscolor.code.tex)) (/usr/share/texmf-dist/tex/generic/pgfplots/pgfplotsstackedplots.code.tex) (/usr/share/texmf-dist/tex/generic/pgfplots/pgfplotsplothandlers.code.tex (/usr/share/texmf-dist/tex/generic/pgfplots/pgfplotsmeshplothandler.code.tex (/usr/share/texmf-dist/tex/generic/pgfplots/pgfplotsmeshplotimage.code.tex))) (/usr/share/texmf-dist/tex/generic/pgfplots/pgfplots.scaling.code.tex) (/usr/share/texmf-dist/tex/generic/pgfplots/pgfplotscoordprocessing.code.tex) (/usr/share/texmf-dist/tex/generic/pgfplots/pgfplots.errorbars.code.tex) (/usr/share/texmf-dist/tex/generic/pgfplots/pgfplots.markers.code.tex) (/usr/share/texmf-dist/tex/generic/pgfplots/pgfplotsticks.code.tex) (/usr/share/texmf-dist/tex/generic/pgfplots/pgfplots.paths.code.tex) (/usr/share/texmf-dist/tex/generic/pgf/frontendlayer/tikz/libraries/tikzlibrarydecorations.code.tex (/usr/share/texmf-dist/tex/generic/pgf/modules/pgfmoduledecorations.code.tex
\pgfdecoratedcompleteddistance=\dimen323
\pgfdecoratedremainingdistance=\dimen324
\pgfdecoratedinputsegmentcompleteddistance=\dimen325
\pgfdecoratedinputsegmentremainingdistance=\dimen326
\pgf@decorate@distancetomove=\dimen327
\pgf@decorate@repeatstate=\count550
\pgfdecorationsegmentamplitude=\dimen328
\pgfdecorationsegmentlength=\dimen329
)
\tikz@lib@dec@box=\box82
) (/usr/share/texmf-dist/tex/generic/pgf/frontendlayer/tikz/libraries/tikzlibrarydecorations.pathmorphing.code.tex (/usr/share/texmf-dist/tex/generic/pgf/libraries/decorations/pgflibrarydecorations.pathmorphing.code.tex)) (/usr/share/texmf-dist/tex/generic/pgf/frontendlayer/tikz/libraries/tikzlibrarydecorations.pathreplacing.code.tex (/usr/share/texmf-dist/tex/generic/pgf/libraries/decorations/pgflibrarydecorations.pathreplacing.code.tex)) (/usr/share/texmf-dist/tex/generic/pgfplots/libs/tikzlibrarypgfplots.contourlua.code.tex)
\pgfplots@numplots=\count551
\pgfplots@xmin@reg=\dimen330
\pgfplots@xmax@reg=\dimen331
\pgfplots@ymin@reg=\dimen332
\pgfplots@ymax@reg=\dimen333
\pgfplots@zmin@reg=\dimen334
\pgfplots@zmax@reg=\dimen335
) (/usr/share/texmf-dist/tex/generic/pgf/frontendlayer/tikz/libraries/tikzlibraryplotmarks.code.tex
File: tikzlibraryplotmarks.code.tex 2025-08-29 v3.1.11a (3.1.11a)
 (/usr/share/texmf-dist/tex/generic/pgf/libraries/pgflibraryplotmarks.code.tex
File: pgflibraryplotmarks.code.tex 2025-08-29 v3.1.11a (3.1.11a)
))) (/usr/share/texmf-dist/tex/latex/changepage/changepage.sty
Package: changepage 2009/10/20 v1.0c check page and change page layout
\c@cp@cntr=\count552
\cp@tempcnt=\count553
LaTeX Info: Redefining \checkoddpage on input line 59.
) (/usr/share/texmf-dist/tex/latex/todonotes/todonotes.sty
Package: todonotes 2024/01/05 v1.1.7 Todonotes source and documentation.
Package: todonotes 2024/01/05
\c@@todonotes@numberoftodonotes=\count554
) (/usr/share/texmf-dist/tex/latex/enumitem/enumitem.sty
Package: enumitem 2025/02/06 v3.11 Customized lists
\labelindent=\skip111
\enit@outerparindent=\dimen336
\enit@toks=\toks59
\enit@inbox=\box83
\enit@count@id=\count555
\enitdp@description=\count556
) (/usr/share/texmf-dist/tex/latex/pdfpages/pdfpages.sty
Package: pdfpages 2025/07/23 v0.6g Insert pages of external PDF documents (AM)
 (/usr/share/texmf-dist/tex/latex/eso-pic/eso-pic.sty
Package: eso-pic 2025/12/10 v3.0d eso-pic (RN)
\ESO@tempdima=\dimen337
\ESO@tempdimb=\dimen338
)
\AM@pagewidth=\dimen339
\AM@pageheight=\dimen340
\AM@fboxrule=\dimen341
 (/usr/share/texmf-dist/tex/latex/pdfpages/pppdftex.def
File: pppdftex.def 2025/07/23 v0.6g Pdfpages driver for pdfTeX (AM)
)
\pdfpages@includegraphics@status=\count557
\AM@pagebox=\box84
\AM@global@opts=\toks60
\AM@pagecnt=\count558
\AM@toc@title=\toks61
\AM@lof@heading=\toks62
\c@AM@survey=\count559
\AM@templatesizebox=\box85
)
\c@theorem=\count560
\c@definition=\count561
\c@proposition=\count562
\c@claim=\count563
\c@conjecture=\count564
 (/usr/share/texmf-dist/tex/latex/geometry/geometry.sty
Package: geometry 2020/01/02 v5.9 Page Geometry
 (/usr/share/texmf-dist/tex/generic/iftex/ifvtex.sty
Package: ifvtex 2019/10/25 v1.7 ifvtex legacy package. Use iftex instead.
)
\Gm@cnth=\count565
\Gm@cntv=\count566
\c@Gm@tempcnt=\count567
\Gm@bindingoffset=\dimen342
\Gm@wd@mp=\dimen343
\Gm@odd@mp=\dimen344
\Gm@even@mp=\dimen345
\Gm@layoutwidth=\dimen346
\Gm@layoutheight=\dimen347
\Gm@layouthoffset=\dimen348
\Gm@layoutvoffset=\dimen349
\Gm@dimlist=\toks63
)
Package csquotes Info: Checking for multilingual support...
Package csquotes Info: ... found 'babel' package.
Package csquotes Info: Adjusting default style.
Package csquotes Info: Redefining alias 'default' -> 'english'.
 (./Project.aux)
\openout1 = `Project.aux'.

LaTeX Font Info:    Checking defaults for OML/cmm/m/it on input line 79.
LaTeX Font Info:    ... okay on input line 79.
LaTeX Font Info:    Checking defaults for OMS/cmsy/m/n on input line 79.
LaTeX Font Info:    ... okay on input line 79.
LaTeX Font Info:    Checking defaults for OT1/cmr/m/n on input line 79.
LaTeX Font Info:    ... okay on input line 79.
LaTeX Font Info:    Checking defaults for T1/cmr/m/n on input line 79.
LaTeX Font Info:    ... okay on input line 79.
LaTeX Font Info:    Checking defaults for TS1/cmr/m/n on input line 79.
LaTeX Font Info:    ... okay on input line 79.
LaTeX Font Info:    Checking defaults for OMX/cmex/m/n on input line 79.
LaTeX Font Info:    ... okay on input line 79.
LaTeX Font Info:    Checking defaults for U/cmr/m/n on input line 79.
LaTeX Font Info:    ... okay on input line 79.
LaTeX Font Info:    Checking defaults for PD1/pdf/m/n on input line 79.
LaTeX Font Info:    ... okay on input line 79.
LaTeX Font Info:    Checking defaults for PU/pdf/m/n on input line 79.
LaTeX Font Info:    ... okay on input line 79.
\c@lstlisting=\count568
Package hyperref Info: Link coloring OFF on input line 79.
 (./Project.out) (./Project.out)
\@outlinefile=\write7
\openout7 = `Project.out'.

 (/usr/share/texmf-dist/tex/context/base/mkii/supp-pdf.mkii
[Loading MPS to PDF converter (version 2006.09.02).]
\scratchcounter=\count569
\scratchdimen=\dimen350
\scratchbox=\box86
\nofMPsegments=\count570
\nofMParguments=\count571
\everyMPshowfont=\toks64
\MPscratchCnt=\count572
\MPscratchDim=\dimen351
\MPnumerator=\count573
\makeMPintoPDFobject=\count574
\everyMPtoPDFconversion=\toks65
) (/usr/share/texmf-dist/tex/latex/epstopdf-pkg/epstopdf-base.sty
Package: epstopdf-base 2020-01-24 v2.11 Base part for package epstopdf
Package epstopdf-base Info: Redefining graphics rule for `.eps' on input line 485.
 (/usr/share/texmf-dist/tex/latex/latexconfig/epstopdf-sys.cfg
File: epstopdf-sys.cfg 2010/07/13 v1.3 Configuration of (r)epstopdf for TeX Live
))
Package caption Info: Begin \AtBeginDocument code.
Package caption Info: changepage package is loaded.
\caption@adjustwidth@hsize=\dimen352
\caption@adjustwidth@linewidth=\dimen353
Package caption Info: float package is loaded.
Package caption Info: End \AtBeginDocument code.
Package biblatex Info: Trying to load language 'english'...
Package biblatex Info: ... file 'english.lbx' found.
 (/usr/share/texmf-dist/tex/latex/biblatex/lbx/english.lbx
File: english.lbx 2025/07/10 v3.21 biblatex localization (PK/MW)
)
Package biblatex Info: Input encoding 'utf8' detected.
Package biblatex Info: Automatic encoding selection.
(biblatex)             Assuming data encoding 'utf8'.
Package biblatex Info: Input encoding 'utf8' detected.
Package biblatex Info: Data encoding 'utf8' specified.
(biblatex)             No need to reencode data.
\openout3 = `Project-blx.bib'.

Package biblatex Info: Trying to load bibliographic data...
Package biblatex Info: ... file 'Project.bbl' found.
 (./Project.bbl

Package biblatex Warning: BibTeX reported the following issues
(biblatex)                with 'Muller_2022':
(biblatex)                - Invalid format of field 'month'.


Package biblatex Warning: BibTeX reported the following issues
(biblatex)                with '10.1145/1242073.1242200':
(biblatex)                - Can't use 'location' + 'address'.


Package biblatex Warning: BibTeX reported the following issues
(biblatex)                with '10.1145/1294685.1294717':
(biblatex)                - Can't use 'location' + 'address'.

)
Package biblatex Info: Reference section=0 on input line 79.
Package biblatex Info: Reference segment=0 on input line 79.

Package pgfplots notification 'compat/show suggested version=true': document has been generated with the most recent feature set (\pgfplotsset{compat=1.18}).

(/usr/share/texmf-dist/tex/latex/pdflscape/pdflscape.sty
Package: pdflscape 2025-06-23 v0.14 Display of landscape pages in PDF
 (/usr/share/texmf-dist/tex/latex/pdflscape/pdflscape-nometadata.sty
Package: pdflscape-nometadata 2025-06-23 v0.14 Display of landscape pages in PDF (HO)
 (/usr/share/texmf-dist/tex/latex/graphics/lscape.sty
Package: lscape 2020/05/28 v3.02 Landscape Pages (DPC)
)
Package pdflscape Info: Auto-detected driver: pdftex on input line 81.
))
*geometry* driver: auto-detecting
*geometry* detected driver: pdftex
*geometry* verbose mode - [ preamble ] result:
* driver: pdftex
* paper: a4paper
* layout: <same size as paper>
* layoutoffset:(h,v)=(0.0pt,0.0pt)
* modes: twoside 
* h-part:(L,W,R)=(71.13188pt, 455.24411pt, 71.13188pt)
* v-part:(T,H,B)=(85.35826pt, 674.33032pt, 85.35826pt)
* \paperwidth=597.50787pt
* \paperheight=845.04684pt
* \textwidth=455.24411pt
* \textheight=674.33032pt
* \oddsidemargin=-1.1381pt
* \evensidemargin=-1.1381pt
* \topmargin=-23.91173pt
* \headheight=12.0pt
* \headsep=25.0pt
* \topskip=10.0pt
* \footskip=30.0pt
* \marginparwidth=56.9055pt
* \marginparsep=11.0pt
* \columnsep=10.0pt
* \skip\footins=9.0pt plus 4.0pt minus 2.0pt
* \hoffset=0.0pt
* \voffset=0.0pt
* \mag=1000
* \@twocolumnfalse
* \@twosidetrue
* \@mparswitchtrue
* \@reversemarginfalse
* (1in=72.27pt=25.4mm, 1cm=28.453pt)

<Title/portada.pdf, id=208, 597.23125pt x 845.1575pt>
File: Title/portada.pdf Graphic file (type pdf)
<use Title/portada.pdf>
Package pdftex.def Info: Title/portada.pdf  used on input line 80.
(pdftex.def)             Requested size: 597.22978pt x 845.15544pt.
<Title/portada.pdf, id=210, page=1, 597.23125pt x 845.1575pt>
File: Title/portada.pdf Graphic file (type pdf)
<use Title/portada.pdf, page 1>
Package pdftex.def Info: Title/portada.pdf , page1 used on input line 80.
(pdftex.def)             Requested size: 597.22978pt x 845.15544pt.
File: Title/portada.pdf Graphic file (type pdf)
<use Title/portada.pdf, page 1>
Package pdftex.def Info: Title/portada.pdf , page1 used on input line 80.
(pdftex.def)             Requested size: 597.25711pt x 845.19412pt.
File: Title/portada.pdf Graphic file (type pdf)
<use Title/portada.pdf, page 1>
Package pdftex.def Info: Title/portada.pdf , page1 used on input line 80.
(pdftex.def)             Requested size: 597.25711pt x 845.19412pt.
File: Title/portada.pdf Graphic file (type pdf)
<use Title/portada.pdf, page 1>
Package pdftex.def Info: Title/portada.pdf , page1 used on input line 80.
(pdftex.def)             Requested size: 597.25711pt x 845.19412pt.
File: Title/portada.pdf Graphic file (type pdf)
<use Title/portada.pdf, page 1>
Package pdftex.def Info: Title/portada.pdf , page1 used on input line 80.
(pdftex.def)             Requested size: 597.25711pt x 845.19412pt.
[1


 <./Title/portada.pdf>] (./Misc/misc.tex) (./Project.toc
LaTeX Font Info:    Trying to load font information for U+msa on input line 3.
 (/usr/share/texmf-dist/tex/latex/amsfonts/umsa.fd
File: umsa.fd 2013/01/14 v3.01 AMS symbols A
)
LaTeX Font Info:    Trying to load font information for U+msb on input line 3.
 (/usr/share/texmf-dist/tex/latex/amsfonts/umsb.fd
File: umsb.fd 2013/01/14 v3.01 AMS symbols B
) [2

{/var/lib/texmf/fonts/map/pdftex/updmap/pdftex.map}{/usr/share/texmf-dist/fonts/enc/dvips/cm-super/cm-super-t1.enc}])
\tf@toc=\write8
\openout8 = `Project.toc'.

<Title/logo-upc.png, id=293, 1284.8pt x 224.84pt>
File: Title/logo-upc.png Graphic file (type png)
<use Title/logo-upc.png>
Package pdftex.def Info: Title/logo-upc.png  used on input line 90.
(pdftex.def)             Requested size: 215.80704pt x 37.76599pt.
 [3 <./Title/logo-upc.png>] (./Project.lof)
\tf@lof=\write9
\openout9 = `Project.lof'.

 [4

] (./Project.lot)
\tf@lot=\write10
\openout10 = `Project.lot'.

 (./Introduction/intro.tex [5

]
Chapter 1.
[6

])
File: Title/logo-upc.png Graphic file (type png)
<use Title/logo-upc.png>
Package pdftex.def Info: Title/logo-upc.png  used on input line 93.
(pdftex.def)             Requested size: 215.80704pt x 37.76599pt.
 [7] (./Background/background.tex
Chapter 2.
[8

]
<Background/aneto.png, id=419, 593.21625pt x 599.23875pt>
File: Background/aneto.png Graphic file (type png)
<use Background/aneto.png>
Package pdftex.def Info: Background/aneto.png  used on input line 105.
(pdftex.def)             Requested size: 127.46779pt x 128.76067pt.
<Background/aneto-app.png, id=420, 1044.90375pt x 869.2475pt>
File: Background/aneto-app.png Graphic file (type png)
<use Background/aneto-app.png>
Package pdftex.def Info: Background/aneto-app.png  used on input line 108.
(pdftex.def)             Requested size: 152.50983pt x 126.86664pt.
<Background/layeredRep.png, id=422, 391.4625pt x 145.54375pt>
File: Background/layeredRep.png Graphic file (type png)
<use Background/layeredRep.png>
Package pdftex.def Info: Background/layeredRep.png  used on input line 125.
(pdftex.def)             Requested size: 254.4476pt x 94.6023pt.

Underfull \vbox (badness 10000) has occurred while \output is active []

File: Title/logo-upc.png Graphic file (type png)
<use Title/logo-upc.png>
Package pdftex.def Info: Title/logo-upc.png  used on input line 150.
(pdftex.def)             Requested size: 215.80704pt x 37.76599pt.
 [9]
Underfull \vbox (badness 10000) has occurred while \output is active []

File: Title/logo-upc.png Graphic file (type png)
<use Title/logo-upc.png>
Package pdftex.def Info: Title/logo-upc.png  used on input line 180.
(pdftex.def)             Requested size: 215.80704pt x 37.76599pt.
 [10 <./Background/aneto.png (PNG copy)> <./Background/aneto-app.png> <./Background/layeredRep.png>]
Overfull \hbox (2.1295pt too wide) in paragraph at lines 211--214
[]\T1/cmr/bx/n/10 Procedural Gen-er-a-tion: \T1/cmr/m/n/10 Pro-ce-du-ral gen-er-a-tion meth-ods ar-ti-fi-cially gen-er-ate ter-rains from scratch
 []

File: Title/logo-upc.png Graphic file (type png)
<use Title/logo-upc.png>
Package pdftex.def Info: Title/logo-upc.png  used on input line 251.
(pdftex.def)             Requested size: 215.80704pt x 37.76599pt.
[11{/usr/share/texmf-dist/fonts/enc/dvips/cm-super/cm-super-ts1.enc}]
<Background/tetrahedralization.png, id=459, 611.28375pt x 341.275pt>
File: Background/tetrahedralization.png Graphic file (type png)
<use Background/tetrahedralization.png>
Package pdftex.def Info: Background/tetrahedralization.png  used on input line 273.
(pdftex.def)             Requested size: 244.50917pt x 136.50757pt.
File: Title/logo-upc.png Graphic file (type png)
<use Title/logo-upc.png>
Package pdftex.def Info: Title/logo-upc.png  used on input line 304.
(pdftex.def)             Requested size: 215.80704pt x 37.76599pt.
 [12 <./Background/tetrahedralization.png>]
<Background/voronoiDecomp.png, id=470, 1606.0pt x 1606.0pt>
File: Background/voronoiDecomp.png Graphic file (type png)
<use Background/voronoiDecomp.png>
Package pdftex.def Info: Background/voronoiDecomp.png  used on input line 307.
(pdftex.def)             Requested size: 160.6094pt x 160.6094pt.
File: Title/logo-upc.png Graphic file (type png)
<use Title/logo-upc.png>
Package pdftex.def Info: Title/logo-upc.png  used on input line 314.
(pdftex.def)             Requested size: 215.80704pt x 37.76599pt.
 [13 <./Background/voronoiDecomp.png>]
Chapter 3.
[14

]
<Background/DragonBreak.png, id=498, 753.81625pt x 183.68625pt>
File: Background/DragonBreak.png Graphic file (type png)
<use Background/DragonBreak.png>
Package pdftex.def Info: Background/DragonBreak.png  used on input line 399.
(pdftex.def)             Requested size: 489.97476pt x 119.39462pt.

Overfull \hbox (34.73065pt too wide) in paragraph at lines 399--400
 [][] 
 []

File: Title/logo-upc.png Graphic file (type png)
<use Title/logo-upc.png>
Package pdftex.def Info: Title/logo-upc.png  used on input line 424.
(pdftex.def)             Requested size: 215.80704pt x 37.76599pt.
[15 <./Background/DragonBreak.png>]
<Background/woodDecay.png, id=519, 465.74pt x 269.005pt>
File: Background/woodDecay.png Graphic file (type png)
<use Background/woodDecay.png>
Package pdftex.def Info: Background/woodDecay.png  used on input line 427.
(pdftex.def)             Requested size: 302.72742pt x 174.85117pt.
File: Title/logo-upc.png Graphic file (type png)
<use Title/logo-upc.png>
Package pdftex.def Info: Title/logo-upc.png  used on input line 477.
(pdftex.def)             Requested size: 215.80704pt x 37.76599pt.
 [16 <./Background/woodDecay.png>]
<Background/SandstoneArch.png, id=532, 890.32625pt x 239.89626pt>
File: Background/SandstoneArch.png Graphic file (type png)
<use Background/SandstoneArch.png>
Package pdftex.def Info: Background/SandstoneArch.png  used on input line 481.
(pdftex.def)             Requested size: 356.12419pt x 95.95679pt.
<Background/implicitErosion.png, id=536, 394.47375pt x 136.51pt>
File: Background/implicitErosion.png Graphic file (type png)
<use Background/implicitErosion.png>
Package pdftex.def Info: Background/implicitErosion.png  used on input line 518.
(pdftex.def)             Requested size: 276.12973pt x 95.55634pt.
File: Title/logo-upc.png Graphic file (type png)
<use Title/logo-upc.png>
Package pdftex.def Info: Title/logo-upc.png  used on input line 537.
(pdftex.def)             Requested size: 215.80704pt x 37.76599pt.
 [17 <./Background/SandstoneArch.png> <./Background/implicitErosion.png>]
<Background/implicitBlocks.png, id=547, 385.44pt x 143.53625pt>
File: Background/implicitBlocks.png Graphic file (type png)
<use Background/implicitBlocks.png>
Package pdftex.def Info: Background/implicitBlocks.png  used on input line 543.
(pdftex.def)             Requested size: 269.80615pt x 100.47467pt.
<Background/layeredVeg.png, id=555, 414.54875pt x 178.6675pt>
File: Background/layeredVeg.png Graphic file (type png)
<use Background/layeredVeg.png>
Package pdftex.def Info: Background/layeredVeg.png  used on input line 598.
(pdftex.def)             Requested size: 269.45349pt x 116.13249pt.
File: Title/logo-upc.png Graphic file (type png)
<use Title/logo-upc.png>
Package pdftex.def Info: Title/logo-upc.png  used on input line 616.
(pdftex.def)             Requested size: 215.80704pt x 37.76599pt.
 [18 <./Background/implicitBlocks.png>]
<Background/erosionDL.png, id=569, 837.1275pt x 235.88126pt>
File: Background/erosionDL.png Graphic file (type png)
<use Background/erosionDL.png>
Package pdftex.def Info: Background/erosionDL.png  used on input line 632.
(pdftex.def)             Requested size: 376.70389pt x 106.14558pt.
File: Title/logo-upc.png Graphic file (type png)
<use Title/logo-upc.png>
Package pdftex.def Info: Title/logo-upc.png  used on input line 656.
(pdftex.def)             Requested size: 215.80704pt x 37.76599pt.
 [19 <./Background/layeredVeg.png> <./Background/erosionDL.png>]
<Background/waterInfiltration.png, id=586, 674.52pt x 558.085pt>
File: Background/waterInfiltration.png Graphic file (type png)
<use Background/waterInfiltration.png>
Package pdftex.def Info: Background/waterInfiltration.png  used on input line 706.
(pdftex.def)             Requested size: 236.08554pt x 195.33267pt.
)
File: Title/logo-upc.png Graphic file (type png)
<use Title/logo-upc.png>
Package pdftex.def Info: Title/logo-upc.png  used on input line 95.
(pdftex.def)             Requested size: 215.80704pt x 37.76599pt.
 [20] (./Decomposition/decomposition.tex
File: Title/logo-upc.png Graphic file (type png)
<use Title/logo-upc.png>
Package pdftex.def Info: Title/logo-upc.png  used on input line 1.
(pdftex.def)             Requested size: 215.80704pt x 37.76599pt.
 [21 <./Background/waterInfiltration.png>]
Chapter 4.
<Decomposition/BaseDecomposition.png, id=600, 613.29124pt x 797.98125pt>
File: Decomposition/BaseDecomposition.png Graphic file (type png)
<use Decomposition/BaseDecomposition.png>
Package pdftex.def Info: Decomposition/BaseDecomposition.png  used on input line 35.
(pdftex.def)             Requested size: 239.18262pt x 311.21143pt.
[22

]
Underfull \vbox (badness 1603) has occurred while \output is active []

File: Title/logo-upc.png Graphic file (type png)
<use Title/logo-upc.png>
Package pdftex.def Info: Title/logo-upc.png  used on input line 88.
(pdftex.def)             Requested size: 215.80704pt x 37.76599pt.
 [23 <./Decomposition/BaseDecomposition.png>]
<Decomposition/voronoiConstruction.png, id=615, 702.625pt x 94.3525pt>
File: Decomposition/voronoiConstruction.png Graphic file (type png)
<use Decomposition/voronoiConstruction.png>
Package pdftex.def Info: Decomposition/voronoiConstruction.png  used on input line 110.
(pdftex.def)             Requested size: 456.70084pt x 61.32838pt.

Overfull \hbox (1.45673pt too wide) in paragraph at lines 110--114
 [][] 
 []

File: Title/logo-upc.png Graphic file (type png)
<use Title/logo-upc.png>
Package pdftex.def Info: Title/logo-upc.png  used on input line 156.
(pdftex.def)             Requested size: 215.80704pt x 37.76599pt.
[24 <./Decomposition/voronoiConstruction.png>]
File: Title/logo-upc.png Graphic file (type png)
<use Title/logo-upc.png>
Package pdftex.def Info: Title/logo-upc.png  used on input line 227.
(pdftex.def)             Requested size: 215.80704pt x 37.76599pt.
 [25]
<Decomposition/cube.png, id=639, 777.90625pt x 534.99875pt>
File: Decomposition/cube.png Graphic file (type png)
<use Decomposition/cube.png>
Package pdftex.def Info: Decomposition/cube.png  used on input line 265.
(pdftex.def)             Requested size: 159.33821pt x 109.57748pt.
<Decomposition/cubeParticles.png, id=640, 777.90625pt x 534.99875pt>
File: Decomposition/cubeParticles.png Graphic file (type png)
<use Decomposition/cubeParticles.png>
Package pdftex.def Info: Decomposition/cubeParticles.png  used on input line 268.
(pdftex.def)             Requested size: 159.33821pt x 109.57748pt.

Underfull \vbox (badness 10000) has occurred while \output is active []

File: Title/logo-upc.png Graphic file (type png)
<use Title/logo-upc.png>
Package pdftex.def Info: Title/logo-upc.png  used on input line 287.
(pdftex.def)             Requested size: 215.80704pt x 37.76599pt.
 [26 <./Decomposition/cube.png> <./Decomposition/cubeParticles.png>]
<Decomposition/OutOfBoundsVoro.png, id=651, 989.6975pt x 614.295pt>
File: Decomposition/OutOfBoundsVoro.png Graphic file (type png)
<use Decomposition/OutOfBoundsVoro.png>
Package pdftex.def Info: Decomposition/OutOfBoundsVoro.png  used on input line 301.
(pdftex.def)             Requested size: 159.33821pt x 98.89847pt.
<Decomposition/OutOfBoundsParticles.png, id=652, 989.6975pt x 614.295pt>
File: Decomposition/OutOfBoundsParticles.png Graphic file (type png)
<use Decomposition/OutOfBoundsParticles.png>
Package pdftex.def Info: Decomposition/OutOfBoundsParticles.png  used on input line 304.
(pdftex.def)             Requested size: 159.33821pt x 98.89847pt.
File: Title/logo-upc.png Graphic file (type png)
<use Title/logo-upc.png>
Package pdftex.def Info: Title/logo-upc.png  used on input line 342.
(pdftex.def)             Requested size: 215.80704pt x 37.76599pt.
 [27 <./Decomposition/OutOfBoundsVoro.png (PNG copy)> <./Decomposition/OutOfBoundsParticles.png (PNG copy)>]
<Decomposition/regularSampling.png, id=665, 1202.4925pt x 875.27pt>
File: Decomposition/regularSampling.png Graphic file (type png)
<use Decomposition/regularSampling.png>
Package pdftex.def Info: Decomposition/regularSampling.png  used on input line 376.
(pdftex.def)             Requested size: 159.33821pt x 115.9794pt.
<Decomposition/jitteredSampling.png, id=666, 1202.4925pt x 875.27pt>
File: Decomposition/jitteredSampling.png Graphic file (type png)
<use Decomposition/jitteredSampling.png>
Package pdftex.def Info: Decomposition/jitteredSampling.png  used on input line 379.
(pdftex.def)             Requested size: 159.33821pt x 115.9794pt.
<Decomposition/bumpSampling.png, id=669, 1202.4925pt x 875.27pt>
File: Decomposition/bumpSampling.png Graphic file (type png)
<use Decomposition/bumpSampling.png>
Package pdftex.def Info: Decomposition/bumpSampling.png  used on input line 400.
(pdftex.def)             Requested size: 240.49423pt x 175.05089pt.
File: Title/logo-upc.png Graphic file (type png)
<use Title/logo-upc.png>
Package pdftex.def Info: Title/logo-upc.png  used on input line 415.
(pdftex.def)             Requested size: 215.80704pt x 37.76599pt.
 [28 <./Decomposition/regularSampling.png (PNG copy)> <./Decomposition/jitteredSampling.png (PNG copy)>]
<Decomposition/sharpSampling.png, id=681, 1184.425pt x 904.37875pt>
File: Decomposition/sharpSampling.png Graphic file (type png)
<use Decomposition/sharpSampling.png>
Package pdftex.def Info: Decomposition/sharpSampling.png  used on input line 450.
(pdftex.def)             Requested size: 159.33821pt x 121.65807pt.

Underfull \hbox (badness 1708) in paragraph at lines 450--450
[]\T1/cmr/m/n/8 (a) Base re-sults of our wall gen-er-at-ing
 []

<Decomposition/terrainRugosity.png, id=682, 1184.425pt x 904.37875pt>
File: Decomposition/terrainRugosity.png Graphic file (type png)
<use Decomposition/terrainRugosity.png>
Package pdftex.def Info: Decomposition/terrainRugosity.png  used on input line 454.
(pdftex.def)             Requested size: 159.33821pt x 121.65807pt.
<Decomposition/rugositySampling.png, id=683, 1184.425pt x 904.37875pt>
File: Decomposition/rugositySampling.png Graphic file (type png)
<use Decomposition/rugositySampling.png>
Package pdftex.def Info: Decomposition/rugositySampling.png  used on input line 486.
(pdftex.def)             Requested size: 159.33821pt x 121.65807pt.
<Decomposition/terrainRugosity2.png, id=684, 1184.425pt x 904.37875pt>
File: Decomposition/terrainRugosity2.png Graphic file (type png)
<use Decomposition/terrainRugosity2.png>
Package pdftex.def Info: Decomposition/terrainRugosity2.png  used on input line 490.
(pdftex.def)             Requested size: 159.33821pt x 121.65807pt.
File: Title/logo-upc.png Graphic file (type png)
<use Title/logo-upc.png>
Package pdftex.def Info: Title/logo-upc.png  used on input line 496.
(pdftex.def)             Requested size: 215.80704pt x 37.76599pt.
[29 <./Decomposition/bumpSampling.png (PNG copy)>]
File: Title/logo-upc.png Graphic file (type png)
<use Title/logo-upc.png>
Package pdftex.def Info: Title/logo-upc.png  used on input line 514.
(pdftex.def)             Requested size: 215.80704pt x 37.76599pt.
 [30 <./Decomposition/sharpSampling.png> <./Decomposition/terrainRugosity.png> <./Decomposition/rugositySampling.png (PNG copy)> <./Decomposition/terrainRugosity2.png (PNG copy)>]
File: Title/logo-upc.png Graphic file (type png)
<use Title/logo-upc.png>
Package pdftex.def Info: Title/logo-upc.png  used on input line 587.
(pdftex.def)             Requested size: 215.80704pt x 37.76599pt.
 [31])
File: Title/logo-upc.png Graphic file (type png)
<use Title/logo-upc.png>
Package pdftex.def Info: Title/logo-upc.png  used on input line 97.
(pdftex.def)             Requested size: 215.80704pt x 37.76599pt.
 [32] (./Erosion/erosion.tex
Chapter 5.

Underfull \vbox (badness 4872) has occurred while \output is active []

 [33

]
File: Title/logo-upc.png Graphic file (type png)
<use Title/logo-upc.png>
Package pdftex.def Info: Title/logo-upc.png  used on input line 125.
(pdftex.def)             Requested size: 215.80704pt x 37.76599pt.
 [34]
File: Title/logo-upc.png Graphic file (type png)
<use Title/logo-upc.png>
Package pdftex.def Info: Title/logo-upc.png  used on input line 193.
(pdftex.def)             Requested size: 215.80704pt x 37.76599pt.
 [35]
File: Title/logo-upc.png Graphic file (type png)
<use Title/logo-upc.png>
Package pdftex.def Info: Title/logo-upc.png  used on input line 294.
(pdftex.def)             Requested size: 215.80704pt x 37.76599pt.
 [36]
Underfull \vbox (badness 10000) has occurred while \output is active []

File: Title/logo-upc.png Graphic file (type png)
<use Title/logo-upc.png>
Package pdftex.def Info: Title/logo-upc.png  used on input line 389.
(pdftex.def)             Requested size: 215.80704pt x 37.76599pt.
 [37]
File: Title/logo-upc.png Graphic file (type png)
<use Title/logo-upc.png>
Package pdftex.def Info: Title/logo-upc.png  used on input line 448.
(pdftex.def)             Requested size: 215.80704pt x 37.76599pt.
 [38]
File: Title/logo-upc.png Graphic file (type png)
<use Title/logo-upc.png>
Package pdftex.def Info: Title/logo-upc.png  used on input line 515.
(pdftex.def)             Requested size: 215.80704pt x 37.76599pt.
 [39]
File: Title/logo-upc.png Graphic file (type png)
<use Title/logo-upc.png>
Package pdftex.def Info: Title/logo-upc.png  used on input line 582.
(pdftex.def)             Requested size: 215.80704pt x 37.76599pt.
 [40]
File: Title/logo-upc.png Graphic file (type png)
<use Title/logo-upc.png>
Package pdftex.def Info: Title/logo-upc.png  used on input line 649.
(pdftex.def)             Requested size: 215.80704pt x 37.76599pt.
 [41]

LaTeX Warning: Reference `aa' on page 42 undefined on input line 717.

File: Title/logo-upc.png Graphic file (type png)
<use Title/logo-upc.png>
Package pdftex.def Info: Title/logo-upc.png  used on input line 727.
(pdftex.def)             Requested size: 215.80704pt x 37.76599pt.
[42])
File: Title/logo-upc.png Graphic file (type png)
<use Title/logo-upc.png>
Package pdftex.def Info: Title/logo-upc.png  used on input line 99.
(pdftex.def)             Requested size: 215.80704pt x 37.76599pt.
 [43] (./Results/results.tex
Chapter 6.
) [44

] (./Conclusion/Conclusion.tex
Chapter 7.
) [45

]
Overfull \hbox (6.18672pt too wide) in paragraph at lines 106--106
[]\T1/cmr/m/n/10 Giuseppe Turini, Fabio Ganov-elli, and Clau-dio Mon-tani. ^^P  Sim-u-lat-ing Drilling on Tetra-he-dral Meshes.^^Q
 []


Overfull \hbox (26.7791pt too wide) in paragraph at lines 106--106
[]\T1/cmr/m/n/10 Ante Munjiza. \T1/cmr/m/it/10 The Com-bined Finite-Discrete El-e-ment Method\T1/cmr/m/n/10 . Dec. 2004, pp. 1^^U333. \T1/cmr/m/sc/10 isbn\T1/cmr/m/n/10 : 9780470841990.
 []

[46

]
File: Title/logo-upc.png Graphic file (type png)
<use Title/logo-upc.png>
Package pdftex.def Info: Title/logo-upc.png  used on input line 105.
(pdftex.def)             Requested size: 215.80704pt x 37.76599pt.
 [47]
File: Title/logo-upc.png Graphic file (type png)
<use Title/logo-upc.png>
Package pdftex.def Info: Title/logo-upc.png  used on input line 108.
(pdftex.def)             Requested size: 215.80704pt x 37.76599pt.
 [48]
runsystem(latexminted cleantemp  --timestamp 20260615171945 9E727FDD3AEC8274F46685441900280D)...executed safely (allowed).

 (./Project.aux)
 ***********
LaTeX2e <2025-11-01>
L3 programming layer <2026-01-19>
 ***********


LaTeX Warning: There were undefined references.

Package rerunfilecheck Info: File `Project.out' has not changed.
(rerunfilecheck)             Checksum: 64C743CE5E93D78B68A4D04038B589ED;8172.

Package biblatex Warning: Please (re)run BibTeX on the file(s):
(biblatex)                Project
(biblatex)                and rerun LaTeX afterwards.

Package logreq Info: Writing requests to 'Project.run.xml'.
\openout1 = `Project.run.xml'.

 ) 
Here is how much of TeX's memory you used:
 53476 strings out of 469515
 1206691 string characters out of 5470807
 2205464 words of memory out of 5000000
 81037 multiletter control sequences out of 15000+600000
 649182 words of font info for 86 fonts, out of 8000000 for 9000
 14 hyphenation exceptions out of 8191
 84i,17n,104p,1939b,3001s stack positions out of 10000i,1000n,20000p,200000b,200000s

pdfTeX warning (dest): name{Hfootnote.4} has been referenced but does not exist, replaced by a fixed one


pdfTeX warning (dest): name{Hfootnote.3} has been referenced but does not exist, replaced by a fixed one


pdfTeX warning (dest): name{Hfootnote.2} has been referenced but does not exist, replaced by a fixed one


pdfTeX warning (dest): name{Hfootnote.1} has been referenced but does not exist, replaced by a fixed one

</usr/share/texmf-dist/fonts/type1/public/amsfonts/cm/cmbx10.pfb></usr/share/texmf-dist/fonts/type1/public/amsfonts/cm/cmbx7.pfb></usr/share/texmf-dist/fonts/type1/public/amsfonts/cm/cmex10.pfb></usr/share/texmf-dist/fonts/type1/public/amsfonts/cm/cmmi10.pfb></usr/share/texmf-dist/fonts/type1/public/amsfonts/cm/cmmi5.pfb></usr/share/texmf-dist/fonts/type1/public/amsfonts/cm/cmmi6.pfb></usr/share/texmf-dist/fonts/type1/public/amsfonts/cm/cmmi7.pfb></usr/share/texmf-dist/fonts/type1/public/amsfonts/cm/cmmi8.pfb></usr/share/texmf-dist/fonts/type1/public/amsfonts/cm/cmr10.pfb></usr/share/texmf-dist/fonts/type1/public/amsfonts/cm/cmr5.pfb></usr/share/texmf-dist/fonts/type1/public/amsfonts/cm/cmr7.pfb></usr/share/texmf-dist/fonts/type1/public/amsfonts/cm/cmsy10.pfb></usr/share/texmf-dist/fonts/type1/public/amsfonts/cm/cmsy5.pfb></usr/share/texmf-dist/fonts/type1/public/amsfonts/cm/cmsy7.pfb></usr/share/texmf-dist/fonts/type1/public/amsfonts/cm/cmsy8.pfb></usr/share/texmf-dist/fonts/type1/public/amsfonts/symbols/msbm10.pfb></usr/share/texmf-dist/fonts/type1/public/cm-super/sfbx1000.pfb></usr/share/texmf-dist/fonts/type1/public/cm-super/sfbx1200.pfb></usr/share/texmf-dist/fonts/type1/public/cm-super/sfbx1440.pfb></usr/share/texmf-dist/fonts/type1/public/cm-super/sfbx2074.pfb></usr/share/texmf-dist/fonts/type1/public/cm-super/sfbx2488.pfb></usr/share/texmf-dist/fonts/type1/public/cm-super/sfcc1000.pfb></usr/share/texmf-dist/fonts/type1/public/cm-super/sfrm0600.pfb></usr/share/texmf-dist/fonts/type1/public/cm-super/sfrm0700.pfb></usr/share/texmf-dist/fonts/type1/public/cm-super/sfrm0800.pfb></usr/share/texmf-dist/fonts/type1/public/cm-super/sfrm0900.pfb></usr/share/texmf-dist/fonts/type1/public/cm-super/sfrm1000.pfb></usr/share/texmf-dist/fonts/type1/public/cm-super/sfti1000.pfb></usr/share/texmf-dist/fonts/type1/public/cm-super/sftt1000.pfb>
Output written on Project.pdf (48 pages, 9191703 bytes).
PDF statistics:
 1130 PDF objects out of 1200 (max. 8388607)
 943 compressed objects within 10 object streams
 256 named destinations out of 1000 (max. 500000)
 563 words of extra memory for PDF output out of 10000 (max. 10000000)

